,index,Wine
0,0,Palacio del Marques 2022
1,1,Tinto 2022
2,2,Red Blend 2023
3,3,Sauvignon Blanc - Macabeo 2024
4,4,Mucho Más Sparkling N.V.
5,5,Blanco Macabeo 2023
6,6,Bobal - Shiraz 2021
7,7,Bobal Rosé 2023
8,8,Viura - Sauvignon Blanc 2022
9,9,Organic Viura - Chardonnay 2022
10,10,Medium White 2007
11,11,Selección Especial 2021
12,12,Brut N.V.
13,13,Protocolo Tinto 2022
14,14,Barrica 6 Meses Tempranillo 2022
15,15,Vega Libre Blanco 2023
16,16,Vega Libre Rosé 2023
17,17,Vega Libre Tinto 2023
18,18,Clásico Tempranillo 2023
19,19,Fortius Rosado 2023
20,20,Fortius Roble 2021
21,21,Solaz Chardonnay 2023
22,22,Protocolo Tinto 2021
23,23,Espeto Tinto 2020
24,24,Fortius Blanco 2023
25,25,Solaz Rosado 2023
26,26,Fortius Blanco Chardonnay 2020
27,27,Solaz Tempranillo 2022
28,28,Masia Hill Blanc 2023
29,29,5.5° Fizzy Frizzante Verdejo 2022
30,30,Solaz Verdejo 2023
31,31,Tinto 2023
32,32,Origium Garnacha Rosé 2019
33,33,Tinto 2021
34,34,Chardonnay Sobre Lías 2023
35,35,Bobal Premium Varietal 2021
36,36,Monastrell Selección 2018
37,37,Monastrell Selección 2022
38,38,Verdera Negre 2023
39,39,Tinto 2022
40,40,Colección Monovarietal Montesierra Garnacha 2023
41,41,Espeto Tinto 2023
42,42,Cabernet Sauvignon - Tempranillo Rosado 2022
43,43,Cava Brut Nature N.V.
44,44,Cabernet Sauvignon - Tempranillo Rosado 2021
45,45,Chardonnay 2023
46,46,Tinto 2022
47,47,Garnacha Rosé 2022
48,48,Blanc de Blancs Penedès 2023
49,49,Chardonnay 2023
50,50,Merlot 2021
51,51,Shiraz Crianza 2022
52,52,Cabernet Sauvignon Crianza 2021
53,53,Tempranillo - Merlot Penedés Rosé 2023
54,54,Barrica 12 Meses Tempranillo 2022
55,55,Chardonnay 2023
56,56,Synera Blanco 2023
57,57,Synera Tinto 2023
58,58,Zancudo Chardonnay 2023
59,59,Contorsionista Cabernet Sauvignon 2023
60,60,Canallas Bobal Rosado 2023
61,61,Rioja Rosé 2022
62,62,VII Verdejo 2022
63,63,Cava Brut Nature Roger de Flor N.V.
64,64,Glárima Merlot - Tempranillo 2023
65,65,Solaz Tempranillo - Cabernet Sauvignon 2022
66,66,Altozano Verdejo - Sauvignon Blanc 2020
67,67,Glárima Blanco 2023
68,68,Casa Albali Verdejo - Sauvignon Blanc 2023
69,69,Casa Albali Tempranillo - Shiraz 2021
70,70,Verdejo 2020
71,71,Casa Albali Garnacha Rosé 2022
72,72,Cava Etiqueta Negra Semi-Seco N.V.
73,73,Estola Crianza 2020
74,74,Cava Etiqueta Negra Brut N.V.
75,75,Reserva Tempranillo 2020
76,76,Extrísimo Semi Dulce 2022
77,77,Viña Extrísima Seco 2022
78,78,VII Tempranillo 2022
79,79,Viña Albali Reserva 2019
80,80,Ancestral Rosado 2021
81,81,Vinem Blanco 2022
82,82,Vinem Garnacha - Syrah 2023
83,83,Macabeo En su Piel 2021
84,84,Viña Extrísima Rosado 2022
85,85,Vinem Rosado 2022
86,86,VII Bianco 2022
87,87,Coto de Hayas Tempranillo - Cabernet Sauvignon Roble 2022
88,88,Masia Hill Rosé 2023
89,89,Imus Selection 2021
90,90,Origium Roble 2023
91,91,Verdejo 2020
92,92,Capvespre Origen Blanc 2023
93,93,Tempranillo Selección 2023
94,94,Rosado 2021
95,95,Rosé N.V.
96,96,Sparkling N.V.
97,97,Capvespre Origen Negre 2023
98,98,Pescador Rosé N.V.
99,99,Casa Albali Crianza 2015
100,100,Crianza Rioja 2014
101,101,VII Rosado 2023
102,102,VII Bianco 2023
103,103,Rosado 2022
104,104,Tempranillo 2018
105,105,Rozzulo Rosé 2023
106,106,Dinarells Tinto 2023
107,107,Raimun Verdejo 2021
108,108,Rosado 2023
109,109,Onom Blanco 2023
110,110,Dinarells Blanco 2022
111,111,Altozano Tempranillo 2022
112,112,Dinarells Rosé 2023
113,113,Vi de Terrer Onom 2022
114,114,Blanco 2023
115,115,Cabernet Sauvignon - Tempranillo Rosado 2023
116,116,Zinio Rosado 2023
117,117,Verdejo 2023
118,118,Descomunal Verdejo 2023
119,119,Garnacha Rosé 2023
120,120,Viña Extrísima Seco 2023
121,121,Viña Extrísima Tinto 2022
122,122,Tempranillo 2021
123,123,Rosado 2023
124,124,Viña Extrísima Rosado 2023
125,125,La oBejita Azul Sauvignon Blanc 2022
126,126,Coto de Hayas Garnacha Rosado 2021
127,127,Criança 2019
128,128,Criança 2021
129,129,Tempranillo 2023
130,130,Coto de Hayas Chardonnay 2023
131,131,VII Cabernet Sauvignon 2022
132,132,Coto de Hayas Garnacha - Syrah 2023
133,133,Coto de Hayas Garnacha Rosado 2023
134,134,Bitácora Verdejo 2023
135,135,Vall Major Rosé 2023
136,136,Blanc 2023
137,137,Negre 2022
138,138,VII Rosado 2021
139,139,Tunante de Azabache Tempranillo 2023
140,140,Cava Extrísimo Brut Nature N.V.
141,141,Criança 2020
142,142,Tempranillo 2021
143,143,La Tapa Loca Verdejo 2023
144,144,Verdejo 2023
145,145,Pazo Blanco 2023
146,146,Verdejo 2023
147,147,Nature Syrah - Tempranillo 2022
148,148,Mas Tarroné Blanc 2023
149,149,Altos de Raiza 2022
150,150,Mas Tarroné Rosat 2023
151,151,Verdejo 2023
152,152,Mas Tarroné Negre 2023
153,153,El Rebelde Red Blend 2022
154,154,Primicia 2023
155,155,Tempranillo 2023
156,156,Banda Azul Crianza 2020
157,157,Colección Tempranillo 2018
158,158,Flor del Páramo Rosado 2020
159,159,Perez Megia Manzanilla N.V.
160,160,Sisquera Rosado 2023
161,161,Clot Dels Oms Petit Tinto 2022
162,162,Viñas Viejas Reserva 2021
163,163,Garnacha Negra 2021
164,164,Sekt Brut N.V.
165,165,Garnacha Blanca 2022
166,166,Solo Syrah Tirio 2022
167,167,Sekt Rosado Semi Seco N.V.
168,168,Clot dels Oms Petit Rosado 2023
169,169,Sisquera Tinto 2023
170,170,Garnacha Negra 2023
171,171,Tempranillo - Syrah 2022
172,172,Sentero Tinta de Toro Joven 2022
173,173,Rioja Preferido 2021
174,174,Flor del Páramo Verdejo 2021
175,175,Sekt Extra Semi Seco N.V.
176,176,Viña Marro 2023
177,177,Sisquera Blanco 2023
178,178,Verdejo Semi Dulce 2023
179,179,Crianza 2020
180,180,Rosado 2023
181,181,Llepafils Negre 2021
182,182,Rioja Blanco 2022
183,183,Rioja Bordón Blanco 2022
184,184,II Tinto 2023
185,185,Emporda Blanc de Blancs 2023
186,186,Madame Monastrell 2021
187,187,Colección Bobal Roble 2021
188,188,Colección Sauvignon Blanc 2017
189,189,Vall Major Garnatxa Blanco 2023
190,190,Verdejo 2023
191,191,Extrísimo Semi Dulce 2023
192,192,Tempranillo 2023
193,193,Tango Rojo Syrah 2022
194,194,Navarra Tinto Roble 2021
195,195,Criança 2017
196,196,Verdejo 2023
197,197,Tango Rojo Verdejo 2023
198,198,Cava Rosé Brut N.V.
199,199,Airén 2022
200,200,Verdejo 2022
201,201,Mosto Parcialmente Fermentado Blanco 2022
202,202,Tempranillo Rosado 2022
203,203,Torre del Moro Criança Tinto 2020
204,204,Semidulce 2022
205,205,Syrah 2023
206,206,Viña 65 Verdejo 2023
207,207,Azoe Verdejo 2023
208,208,Selección de Familia Rosado 2023
209,209,Gran Reserva 2011
210,210,Masia Oliveda Rosat Flor 2023
211,211,Blanc de Blancs 2023
212,212,Masia Oliveda Negre Jove 2023
213,213,Verdejo Rueda 2018
214,214,Glorioso  Rioja Crianza 2018
215,215,Glárima Rosado 2023
216,216,Tinto 2023
217,217,Orquestra Chardonnay 2022
218,218,Rosado 2023
219,219,Coto de Hayas Tempranillo - Cabernet Sauvignon Roble 2023
220,220,Chardonnay 2020
221,221,Cabernet Sauvignon - Tempranillo Rosado 2019
222,222,Tempranillo 2022
223,223,MR. Jenares Verdejo 2023
224,224,Rosado Cigales 2023
225,225,Synera Blanco 2022
226,226,Synera Rosado 2022
227,227,Garnacha Negra 2019
228,228,Merlot - Tempranillo Rosé 2023
229,229,Chardonnay 2020
230,230,Garnacha Blanca 2019
231,231,Castillo de San Diego 2023
232,232,Lágrimas de María Blanco 2023
233,233,Dominio de Fontana Roble Tempranillo - Syrah 2022
234,234,Joven (Selección) 2021
235,235,Gala Mágica Verdejo 2023
236,236,Códice 2016
237,237,Rosado 2023
238,238,Sangre de Toro 2022
239,239,Premium White Moscato N.V.
240,240,Blanco N.V.
241,241,Luna Lunera Sauvignon Blanc 2023
242,242,Garnacha Rosado 2022
243,243,Tinto 2023
244,244,Adaras Aldea 2022
245,245,Cueva de Lobos Joven 2023
246,246,Pago Peñuelas 2023
247,247,Garnacha 2022
248,248,Chardonnay - Moscatel de Alejandría 2023
249,249,El Destraler Negre 2023
250,250,Garnacha 2023
251,251,Coto de Hayas Tempranillo - Cabernet Sauvignon Roble 2020
252,252,Blanco de Albariza Palomino Fina 2023
253,253,Semidulce 2015
254,254,Sangre de Toro 2023
255,255,Colección Verdejo 2019
256,256,Envejecido 6 Meses En Barrica 2023
257,257,Envejecido 6 Meses En Barrica 2022
258,258,Blanco Semiseco 2021
259,259,Larrua 2023
260,260,Chardonnay 2023
261,261,Orot 2019
262,262,Rosado 2023
263,263,Tempranillo 2023
264,264,Organic Rosado 2023
265,265,Blanc Ecológico 2023
266,266,Badajo Verdejo 2023
267,267,Organic Tinto 2023
268,268,Milflores Rioja Tinto 2021
269,269,Cala Blanco 2023
270,270,Masia La.Sala Blanco 2023
271,271,Xarel-lo 2023
272,272,Penedès Blanco Semidulce 2021
273,273,Tradición Rosado 2022
274,274,Colección Monovarietales Syrah Roble 2022
275,275,Coto de Hayas Verdejo 2023
276,276,Crianza 2021
277,277,Penedès Blanco Semidulce 2023
278,278,Heredad de Hidalgo Manzanilla N.V.
279,279,Rosé 2023
280,280,Crianza 2023
281,281,Gran Selección Blanco 2022
282,282,Gran Selección Blanco 2023
283,283,Lar de Barros Afrutado Verdejo 2022
284,284,Extrísimo Semi Dulce Rosado 2022
285,285,Penedès Blanco Semidulce 2022
286,286,Garnacha Rosado 2023
287,287,Blanco Polar Verdejo 2023
288,288,Crianza 2020
289,289,Viura 2023
290,290,Blanco 2023
291,291,Tinto 2022
292,292,Rosado 2023
293,293,Tas Tolo Blanco 2023
294,294,De Casta Rosado 2023
295,295,Roble Cabernet Sauvignon - Merlot Somontano 2023
296,296,Chardonnay - Macabeo Blanco Somontano 2023
297,297,Blanco 2023
298,298,Marrec Blanc 2024
299,299,Marrec Tinto 2023
300,300,3404 Blanco 2023
301,301,Moscato de Aguja N.V.
302,302,Viña Calera Verdejo 2023
303,303,Reserva Privada 2020
304,304,No. 05 2023
305,305,The Guv’nor N.V.
306,306,Tarima Rosado 2023
307,307,Castillo de Almansa Crianza 2020
308,308,Marrec Rosado 2023
309,309,No. 01 2022
310,310,No. 03 Blanco 2023
311,311,Bobal Único 2022
312,312,Verdejo 2022
313,313,Roble 2022
314,314,Montesierra White Blend 2023
315,315,Roureda Cabernet Sauvignon 2023
316,316,Roureda Merlot Rosado 2023
317,317,Director Special Selection Garnacha 2017
318,318,Montesierra Red Blend 2023
319,319,La oBejita Tinta Roble Bobal 2021
320,320,Estola Reserva 2019
321,321,Clásico 2023
322,322,3404 Rosado 2023
323,323,Verdejo 2023
324,324,Verdeo Verdejo 2023
325,325,Protocolo Organic Rosé 2023
326,326,Tinto Joven 2023
327,327,3404 Tinto 2023
328,328,Cal Y Canto Shiraz Rosé 2023
329,329,Verdejo Rueda 2023
330,330,Cava Brut N.V.
331,331,Verdejo 2023
332,332,Selección 2022
333,333,Tempranillo Rioja 2021
334,334,Verdejo 2023
335,335,Extrísimo Blanco Seco 2019
336,336,Crianza Cabernet Sauvignon 2020
337,337,V Bianco 2023
338,338,Hacienda El Olmo Crianza 2019
339,339,Ribera del Duero Rosado 2021
340,340,Hacienda El Olmo Blanco 2023
341,341,J3 2022
342,342,V Rosado 2023
343,343,Coto De Hayas Crianza 2020
344,344,Crianza 2020
345,345,El Perro Flaco Verdejo 2023
346,346,Blanco 2020
347,347,Cabró! Negre Selecció 2022
348,348,Rosado 2022
349,349,3 Añada Selección 2023
350,350,Rosado 2023
351,351,Viura - Tempranillo Blanco 2023
352,352,El Politico Garnacha 2023
353,353,Clarete de Luna Rosado 2023
354,354,Sinfo Viñas Viejas Tinto Roble 2019
355,355,Airen 2023
356,356,Rosado 2022
357,357,Joven (Selección) 2022
358,358,Verdejo 2021
359,359,Cæcus 2023
360,360,Tierra Blanca Blanco Semidulce 2023
361,361,Tierra Blanca Blanco Seco 2023
362,362,Rosado 2021
363,363,Audentia Sauvignon Blanc 2023
364,364,Conde de Valdemar Rosado 2023
365,365,Conde de Valdemar Blanco 2021
366,366,Roble Monastrell - Syrah 2022
367,367,Roble 2023
368,368,Crianza 2020
369,369,Gewürztraminer 2023
370,370,Rosat Flor 2023
371,371,Cabernet Sauvignon 2022
372,372,Oak Aged Syrah 2020
373,373,Tempranillo 2022
374,374,Petit Diamond 2022
375,375,Audentia Cabernet Sauvignon Rosé 2023
376,376,Blanco 2023
377,377,Crianza 2018
378,378,Merlot 2019
379,379,Syrah 2022
380,380,Amatista Moscato Blanco N.V.
381,381,Somontano Tinto 2023
382,382,Blanc Flor 2023
383,383,Roble 2022
384,384,Blanco 2023
385,385,Tinto 2023
386,386,Rosado 2023
387,387,Betola The Cat 2023
388,388,Betola The Cat Blanco 2023
389,389,Rioja Tempranillo 2023
390,390,Clamor Tinto 2022
391,391,Rosado (Selección Rosado / Rosé) 2023
392,392,Chardonnay Roble 2020
393,393,Otoñal Rioja 2021
394,394,Calendas Tinto 2021
395,395,Marqués de Vizhoja 2023
396,396,Crianza 2020
397,397,Blanco (Selección) 2022
398,398,Rosado (Selección Rosado / Rosé) 2022
399,399,Rosat Semi Sec N.V.
400,400,Clamor Rosado 2023
401,401,Blanco (Selección) 2023
402,402,Clamor Blanco 2023
403,403,Clamor Tinto 2023
404,404,Rosado 2023
405,405,Blanco (Selección) 2019
406,406,Entremares Macabeo Dry 2021
407,407,Torracollons Blanc 2023
408,408,Cabernet Sauvignon 2023
409,409,Entremares Blanco Coupage 2022
410,410,Viura 2022
411,411,Rioja Santiago Segundo Año 2021
412,412,Mucho Más Tinto N.V.
413,413,Mucho Mas Rosado N.V.
414,414,Mucho Más Blanco N.V.
415,415,Villano 2014
416,416,Audentia Chardonnay 2023
417,417,Cabernet Sauvignon Rosado 2023
418,418,Xarel-lo 2022
419,419,Torracollons Tinto 2023
420,420,La Transición Garnacha 2019
421,421,Chardonnay - Macabeo Blanco Somontano 2022
422,422,Mia Moscato N.V.
423,423,Crianza 2020
424,424,Most Flor 2023
425,425,Nox Penedès Blanco 2019
426,426,362 Tempranillo - Cabernet 2023
427,427,Coto de Hayas Tempranillo - Cabernet Sauvignon Roble 2021
428,428,Blanc 2022
429,429,Mas Rabell Tempranillo 2021
430,430,Rosado 2023
431,431,Tempranillo 2023
432,432,Tinto Rioja 2022
433,433,Blanco 2023
434,434,Mia Rosado 2021
435,435,Cava Brut N.V.
436,436,Manzanilla Muyfina N.V.
437,437,Reynal Vinos de Aguja Rosado N.V.
438,438,Garnacha Tinta 2023
439,439,Raimun Verdejo 2023
440,440,Mia Blanco 2022
441,441,Garnacha Blanca 2023
442,442,Crianza 2021
443,443,Ocho y Medio Tinto Velasco 2022
444,444,El Pedrol 2021
445,445,Ribera del Duero Tinto Joven 2023
446,446,Blanc Mariner 2023
447,447,Luna Lunera Tempranillo - Syrah 2023
448,448,XII Plus Monastrell 2019
449,449,Conde de Valdemar Tempranillo 2023
450,450,Syrah - Garnacha 2022
451,451,Mia Tinto 2022
452,452,Garnacha Blanca 2020
453,453,Clos Primat Negre 2022
454,454,Garnacha Viñas Viejas 2023
455,455,"Verdejo 5,5° Frizzante N.V."
456,456,Organic Tempranillo 2023
457,457,Tibó Blanco 2022
458,458,Verdejo 2023
459,459,l'Avenc Xarello 2023
460,460,Estrella de Murviedro Frizzante Rosé N.V.
461,461,Audentia Syrah 2023
462,462,Blanco 2022
463,463,Banda Azul Crianza 2021
464,464,Laura Moscatel N.V.
465,465,Macabeo - Chardonnay 2023
466,466,Fortius Crianza 2019
467,467,Crianza Rioja 2019
468,468,Verdejo Selección 2023
469,469,Rioja Santiago Segundo Año 2022
470,470,Milflores Rioja Tinto 2018
471,471,Naturalis Mer 2023
472,472,Nuestro Verdejo 2023
473,473,Mia Tinto 2021
474,474,Barón de Rivero Semi Dulce 2023
475,475,Barón de Rivero Semi Dulce 2024
476,476,Valdehermoso Joven 2021
477,477,Cabernet Sauvignon Rosado 2023
478,478,Rosado 2022
479,479,Verdejo 2022
480,480,Rosado 2023
481,481,Vierlas 2020
482,482,San Valentín Blanco 2023
483,483,Crianza 2020
484,484,Chardonnay 2022
485,485,Aladelta Tinto 2023
486,486,Rosado 2022
487,487,Navarra Rosado 2023
488,488,Audentia Petit Verdot 2023
489,489,Crianza 2020
490,490,Cermeño Tinta de Toro 2022
491,491,Merlot - Cabernet Roble 2022
492,492,Syrah - Garnacha Rosé 2023
493,493,Merlot - Cabernet Roble 2023
494,494,Chardonnay - Garnacha 2023
495,495,Mia Blanco 2023
496,496,Montesierra Crianza 2019
497,497,Solimar Tinto 2022
498,498,Nékora Verdejo 2023
499,499,Blanco 2023
500,500,Cava Rabetllat i Vidal Brut N.V.
501,501,Crianza Rioja 2018
502,502,Chardonnay 2023
503,503,Blanco (Verdejo) 2022
504,504,Chardonnay 2022
505,505,Floresta Blanco 2023
506,506,Cava Brut Nature N.V.
507,507,Blanco 2023
508,508,Origens 2021
509,509,Crianza 2017
510,510,Vivir Sin Dormir Tinto 2021
511,511,Deler Tinto 2023
512,512,"Rosado 5,5° Frizzante N.V."
513,513,Verdejo 2023
514,514,MR. Jenares Chardonnay 4 Meses 2023
515,515,Deler Blanc 2023
516,516,Abad Dom Bueno Mencia 2022
517,517,Plana d’En Fonoll Blanc 2023
518,518,Calizo de Adaras 2021
519,519,Chardonnay Roble 2023
520,520,Letargo Vendimia Seleccionada Rosado 2023
521,521,Laya 2023
522,522,Pessetero Blanco 2023
523,523,Pessetero Tinto 2023
524,524,Chardonnay 2023
525,525,Món Perdut Blanc 2023
526,526,Rioja Crianza 2020
527,527,Món Perdut Negre 2023
528,528,Cabernet Sauvignon - Merlot 2022
529,529,Almodí Petit Tinto 2023
530,530,Almodí Petit Blanc 2023
531,531,Blanco 2018
532,532,Rioja 2018
533,533,Verdejo Rueda 2023
534,534,Crianza 2020
535,535,Tarima Monastrell 2020
536,536,Familia Oliveda Cava Brut Rosado N.V.
537,537,Primicia Criança 2020
538,538,Lágrimas de María Crianza Tempranillo 2020
539,539,Cariñena 2017
540,540,Flor Innata Verdejo 2023
541,541,Dominio de Fontana Roble Tempranillo - Syrah 2021
542,542,Come Queso y Bebe Vino 2017
543,543,Come Jamon y Bebe Vino 2017
544,544,Come Pollo y Bebe Vino 2014
545,545,Dominio de Fontana Chardonnay - Viura 2021
546,546,Roble Monastrell - Syrah 2021
547,547,Xino-Xano Rosé 2023
548,548,Empordà Jardins Blanc 2023
549,549,Viña Sol Blanco 2023
550,550,Prestigio Rosé 2022
551,551,Heredad X 2021
552,552,Zinio Blanco 2023
553,553,El Caire Rosado 2023
554,554,Bole 2020
555,555,Xino-Xano Blanco 2023
556,556,Solà Fred Rosat 2021
557,557,Empordà Jardins Negre 2023
558,558,Viña Sol Sauvignon Blanc 2023
559,559,Xino-Xano Tinto 2023
560,560,Viña Sol Rosado 2023
561,561,Altos R Tempranillo 2021
562,562,Dominio de Fontana Garnacha - Syrah 2021
563,563,El Caire Monastrell 2021
564,564,Abocado Semiseco 2022
565,565,Dominio de Fontana Sauvignon Blanc - Verdejo 2023
566,566,K-Naia 2023
567,567,Blanco Airén 2022
568,568,Falset Tinto 2023
569,569,Calendas Blanco 2021
570,570,Sauvignon 2023
571,571,Coto Mayor Rosado 2022
572,572,Reciente Tempranillo Rosado 2023
573,573,Cava Brut N.V.
574,574,Solà Fred Rosat 2022
575,575,Manzanilla Solear N.V.
576,576,La Pinxa del Barri Garnatxa Negra 2023
577,577,Empordà Jardins Rosé 2023
578,578,Rosado 2023
579,579,Sinfo Rosado 2023
580,580,La Pinxa del Barri Garnatxa Blanca 2023
581,581,Colección Blanco 2023
582,582,Carro 2022
583,583,Blanco Viura 2023
584,584,El Ventilador Tinto 2021
585,585,4 Meses Roble Monastrell 2022
586,586,Abad Dom Bueno Mencia 2023
587,587,Empordà Jardins Rosé 2022
588,588,Vinea Rosé 2023
589,589,Monastrell 2020
590,590,Colección Monastrell 2023
591,591,Chardonnay 2021
592,592,Fri Sanz Te Semi Dulce 2013
593,593,Puntils Blanc 2023
594,594,Puntils Rouge 2023
595,595,Compta Ovelles Blanco 2021
596,596,Mencia 2021
597,597,La Pinxa del Barri Garnatxa Negra 2022
598,598,Vinedos del Villar Tempranillo 2021
599,599,Vega de La Reina Verdejo 2023
600,600,Solà Fred 2023
601,601,Rosado De Lágrima Vendimia Nocturna 2022
602,602,Rosado 2023
603,603,Sparkling Blanco N.V.
604,604,Compta Ovelles Negre 2022
605,605,Blanco 2023
606,606,El Niño de Campillo Rioja 2022
607,607,Sparkling Passionate Bubbles Rosado N.V.
608,608,Cava Blanc De Blancs Brut N.V.
609,609,Blanco 2022
610,610,Torondos Rosado 2022
611,611,Ganadero Blanco 2021
612,612,Conde de Valdemar Blanco 2023
613,613,d Mente 2017
614,614,Forzudo Crianza 2020
615,615,Ariabal Verdejo 2023
616,616,Orot Roble 2022
617,617,San Valentín Semi-Dulce 2023
618,618,Finca Els 3 Frares Blanc Flor 2023
619,619,Rosado 2021
620,620,Crianza 2020
621,621,Rioja Crianza Tinto 2019
622,622,Lo Virol Tinto 2021
623,623,3404 Tinto 2022
624,624,3404 Blanco 2024
625,625,Branco Leve 2021
626,626,Rosé Leve 2021
627,627,JMF Branco 2023
628,628,JMF Rosé 2023
629,629,Alandra Branco  2023
630,630,Alandra Tinto 2023
631,631,Colheita Selecionada Branco Leve 2023
632,632,Leira do Canhoto Branco 2022
633,633,Alma do Tejo Colheita Seleccionada Tinto 2020
634,634,Rosé 2023
635,635,Vinha do Conde Branco 2023
636,636,Vinha do Conde Rosé 2023
637,637,Vinha do Conde Tinto 2022
638,638,Branco 2023
639,639,Seleção dos Enólogos 2022
640,640,Solar da Marquesa Rosé 2023
641,641,Solar da Marquesa Moscatel 2023
642,642,Douro 2021
643,643,Alma do Tejo Reserva Tinto 2022
644,644,Tinto 2022
645,645,Branco 2023
646,646,Rosé 2023
647,647,Branco 2023
648,648,Tinto 2019
649,649,C de Cabriz Tinto 2017
650,650,Clássico Tinto 2021
651,651,Casal Mendes Rosé N.V.
652,652,Branco 2022
653,653,AsPias Branco 2023
654,654,Clássico Branco 2023
655,655,Syrah 2021
656,656,Sauvignon Blanc 2023
657,657,Terras Do Pó Tinto 2023
658,658,Terras Do Pó Rosé 2021
659,659,Terras Do Pó Branco 2023
660,660,João Pires Rosé 2023
661,661,João Pires Branco 2023
662,662,Tavedo Douro 2022
663,663,Serras de Azeitão Tinto 2021
664,664,Loureiro 2023
665,665,Serras de Azeitão Branco 2022
666,666,3 Castas Tinto 2023
667,667,3 Castas Branco 2023
668,668,Serras de Azeitão Rosé 2023
669,669,COPO 3 Branco 2022
670,670,Pinta Negra Rosé 2023
671,671,Tavedo Branco Douro 2023
672,672,Copo 3 Tinto 2022
673,673,Pinta Negra Branco 2023
674,674,3 Castas Nature Espumante N.V.
675,675,BSE Branco Seco Especial 2023
676,676,Tavedo Rosé 2023
677,677,Colheita Seleccionada Tinto 2021
678,678,Colheita Seleccionada Rosé Baga 2021
679,679,Loios Branco 2023
680,680,Colheita Seleccionada Branco 2023
681,681,Evolução Branco Leve 2020
682,682,Casa Velha Tinto 2022
683,683,Dão Tinto 2022
684,684,Dão Branco 2023
685,685,Confraria Moscatel Branco Leve 2022
686,686,Vinho Verde Loureiro 2023
687,687,Reserva Branco 2022
688,688,Reserva Tinto 2021
689,689,Rosé 2021
690,690,Vinho Rosé N.V.
691,691,Quatro Ventos 2022
692,692,Selection Branco 2021
693,693,Selection Rosé 2023
694,694,Selection Branco 2023
695,695,Colheita Alentejo Branco 2023
696,696,Alentejano Tinto 2022
697,697,Vinho Verde Sweet N.V.
698,698,Colheita Seleccionada Branco 2023
699,699,Colheita Seleccionada Tinto 2021
700,700,Reserva Alentejano Tinto 2020
701,701,Seleção dos Enólogos Reserva Tinto 2021
702,702,Flor do Tua Tinto 2022
703,703,Reserva Alentejano Branco 2022
704,704,Branco 2023
705,705,Tinto 2021
706,706,Colheita Branco 2021
707,707,Dona Ermelinda Palmela Branco 2023
708,708,Branco 2023
709,709,Alabastro Branco 2021
710,710,Alabastro Tinto 2021
711,711,Periquita Tinto (Original) 2022
712,712,Periquita Rosé 2023
713,713,Periquita Branco 2023
714,714,Vinho Verde Loureiro - Alvarinho 2023
715,715,Monte Velho Branco 2023
716,716,Monte Velho Rosé 2023
717,717,Monte Velho Tinto 2023
718,718,Lisboa Tinto 2022
719,719,Casabel Branco 2023
720,720,Casabel Rosé 2022
721,721,Sôttal Leve 2023
722,722,Casabel Tinto 2022
723,723,Vinho Verde Vinhão 2023
724,724,Pouca Roupa Tinto 2023
725,725,Pouca Roupa Branco 2023
726,726,Tinto 2020
727,727,Pouca Roupa Rosè 2023
728,728,Colheita Seleccionada Rosè 2023
729,729,Encostas do Enxoé Branco 2023
730,730,Tons de Duorum Branco 2023
731,731,Syrah 2022
732,732,Reserva Lisboa 2021
733,733,Sossego Rosé 2023
734,734,Muralhas de Monção Vinho Verde Branco 2023
735,735,Bico Amarelo 2023
736,736,Tinto 2021
737,737,Preta 2022
738,738,Branco 2023
739,739,Seleção do Ano Rosé 2023
740,740,Dory Branco 2023
741,741,Branco 2023
742,742,Dory Tinto 2023
743,743,Seleção do Ano Branco 2023
744,744,Tons de Duorum Rosé 2023
745,745,Dory Rosé 2023
746,746,Seleção do Ano Tinto 2023
747,747,Alentejano Rosé 2023
748,748,Alentejano Blanco 2022
749,749,Alentejano Tinto 2021
750,750,Tinto 2023
751,751,Rosé 2023
752,752,Branco 2023
753,753,Colheita Seleccionada Branco 2023
754,754,Colheita Seleccionada Tinto 2022
755,755,Vinho Verde Fonte 2023
756,756,Rosé 2019
757,757,Bairrada Branco 2023
758,758,Tinto 2023
759,759,Rosé 2023
760,760,Monte Dos Cardeais Escolha Branco 2021
761,761,Loureiro Vinho Verde 2023
762,762,Sossego Alentejano Branco 2023
763,763,3 Castas Reserva 2021
764,764,EA Rosé 2023
765,765,Pinta Negra Reserva Tinto 2022
766,766,Douro Branco 2023
767,767,Reserva 2022
768,768,Pinta Negra Reserva Branco 2022
769,769,Frei João Branco 2020
770,770,Duque de Palmella Branco 2023
771,771,Branco 2023
772,772,Rosé 2023
773,773,Duque de Viseu Tinto 2022
774,774,Sauvignon Blanc 2023
775,775,Chardonnay 2023
776,776,Dão Duque de Viseu Branco 2022
777,777,Esteva Douro 2023
778,778,Colheita Seleccionada White 2023
779,779,Colheita Seleccionada Tinto 2022
780,780,Tinto 2023
781,781,Rosé 2023
782,782,Rosé 2022
783,783,Bairrada Reserva Branco 2023
784,784,Terroir Expressions Branco 2018
785,785,Planalto Reserva Douro Branco 2023
786,786,Dão Colheita Seleccionada White 2023
787,787,Frei João 2020
788,788,Palha Canas Branco 2022
789,789,Colheita Branco 2022
790,790,Colheita Tinto 2021
791,791,Tinto 2021
792,792,Branco 2023
793,793,Cabernet Sauvignon - Touriga Nacional Rosé 2023
794,794,Colheita Tinto 2021
795,795,Torre de Menagem Alvarinho - Trajadura 2023
796,796,Colheita Branco 2022
797,797,Colheita Rosé 2022
798,798,Tinto 2020
799,799,Rosé 2021
800,800,Padre Pedro Tinto 2021
801,801,Padre Pedro Branco 2022
802,802,Tinto 2021
803,803,Sauvignon Blanc 2023
804,804,Branco 2018
805,805,Branco 2023
806,806,Reserva Tinto 2019
807,807,Reserva Branco 2022
808,808,Branco 2023
809,809,A Descoberta Rosado 2023
810,810,Douro Rosé 2023
811,811,Dom Martinho Tinto 2021
812,812,Dom Martinho Branco 2023
813,813,A Descoberta Colheita Branco 2023
814,814,A Descoberta Colheita Tinto 2022
815,815,Douro Branco 2023
816,816,Muros Antigos Escolha 2023
817,817,Mar de Lisboa Branco 2022
818,818,Dão Colheita Seleccionada Rose 2023
819,819,Colheita Seleccionada Tinto 2022
820,820,Terroir Expressions 2015
821,821,Terroir Expressions 2017
822,822,Reserva Tinto 2021
823,823,.com Tinto 2023
824,824,Lisboa Tinto 2017
825,825,Douro Tinto 2022
826,826,Em Vinhas Velhas Blanco 2023
827,827,Em Vinhas Velhas Tinto 2021
828,828,Monte das Servas Branco 2022
829,829,Monte das Servas Tinto 2021
830,830,Branco White Blanc Douro 2023
831,831,Penedo do Lexim 2021
832,832,Vinho Verde Rosé 2021
833,833,Cancela de Abreu & Riba d'Ave Tinto 2021
834,834,Branco 2023
835,835,Vale da Calada Blanco 2022
836,836,Vale da Calada Rosé 2022
837,837,Às Claras Branco 2022
838,838,Vale da Calada Tinto 2021
839,839,Às Claras Tinto 2018
840,840,Syrah 2023
841,841,Porta da Calada Branco 2017
842,842,Porta da Calada Tinto 2018
843,843,Alvarinho 2023
844,844,Lilás Branco 2022
845,845,Marquês de Borba Tinto 2023
846,846,Marquês de Borba Branco 2023
847,847,Prova Regia Arinto 2023
848,848,Alma do Tejo Tinto 2020
849,849,Assobio Douro Branco 2023
850,850,Assobio Douro 2022
851,851,Douro Branco (Seco) 2023
852,852,Raposinha Red 2023
853,853,Branco 2022
854,854,Rosé 2022
855,855,Touriga Nacional Rosé Seco 2023
856,856,Porta dos Cavaleiros Dão Branco 2020
857,857,Loureiro 2022
858,858,Colheita Avesso 2023
859,859,Xisto Preto Branco 2023
860,860,Flip 2019
861,861,Branco 2021
862,862,ABCDarium Superior 2023
863,863,Aragonêz Medium Sweet Rosé 2023
864,864,Cabernet Sauvignon 2022
865,865,Bairrada Red 2019
866,866,Douro Tinto 2022
867,867,Mélange à Trois Branco 2023
868,868,Trinca Bolotas Alentejo Tinto 2022
869,869,Arinto 2023
870,870,Mélange à Trois Rosé 2023
871,871,Trinca Bolotas Branco 2023
872,872,Assobio Douro Rosé 2023
873,873,Artefacto Colheita Seleccionada Touriga Nacional 2022
874,874,Bairrada Branco 2022
875,875,Tinto 1492 2022
876,876,Branco 2022
877,877,Tinto 2022
878,878,Expressão Branco 2020
879,879,Vinha da Defesa Branco 2022
880,880,Defesa Tinto 2022
881,881,Douro Tinto 2021
882,882,Catarina Rosé 2023
883,883,Reserva Vinhão 2022
884,884,White Port N.V.
885,885,Catarina Tinto 2021
886,886,Catarina Branco 2023
887,887,Encantado Branco 2023
888,888,Encantado Tinto 2022
889,889,Sauvignon Blanc Branco Seco 2023
890,890,Allo Alvarinho - Loureiro 2023
891,891,Reserva 2021
892,892,Trava Línguas Tinto 2021
893,893,Familia Margaça Vinha do Furo Branco 2022
894,894,Familia Margaça Vinha do Furo Tinto 2022
895,895,QM Loureiro - Alvarinho 2023
896,896,Familia Margaça Vinha do Furo Rosé 2023
897,897,Entre 2 Mares Between Two Seas Alvarinho 2020
898,898,Sauvignon Blanc 2023
899,899,Reserva Encruzado 2023
900,900,Reserva Touriga Nacional 2021
901,901,Douro Tinto 2021
902,902,Douro Branco 2023
903,903,Altitude by Duorum 2021
904,904,Tinto 2022
905,905,Rosé 2021
906,906,Grande Reserva Branco 2023
907,907,Branco 2022
908,908,Grande Reserva Tinto 2020
909,909,Reserva Tinto Blend 2022
910,910,Reserva Branco 2023
911,911,Reserva Tinto 2022
912,912,Muros Antigos Loureiro 2023
913,913,Douro Reserva Branco 2023
914,914,Sílica Branco 2023
915,915,Sílica Tinto 2021
916,916,Tradição Boal 2022
917,917,Sauvignon Blanc 2023
918,918,Sauvignon Blanc 2023
919,919,Quinta de Camarate Branco Dolce 2023
920,920,Quinta De Camarate Branco Seco 2023
921,921,Monte Velho Tinto 2021
922,922,Espumante Bruto Rosé 2021
923,923,Branco 2022
924,924,Branco 2022
925,925,Touriga Nacional 2017
926,926,Quinta do Carqueijal Tinto 2019
927,927,Espumante Bruto 2022
928,928,Quinta do Carqueijal Branco 2022
929,929,Alicante Bouschet 2020
930,930,Antão Vaz - Verdelho 2022
931,931,Touriga Nacional - Syrah 2022
932,932,Syrah 2020
933,933,Branco 2019
934,934,Tinto 2020
935,935,Sauvignon Blanc 2020
936,936,Branco 2021
937,937,Tinto 2020
938,938,Dão Colheita Seleccionada White 2022
939,939,Papa Figos Douro 2022
940,940,Cancela de Abreu & Riba D'Ave Branco 2023
941,941,Herédias Branco 2023
942,942,Branco 2023
943,943,ABCDarium Avesso 2022
944,944,Reserva Tinto 2021
945,945,Rabo de Ovelha Branco 2023
946,946,Maria Gomes Branco 2023
947,947,Sauvignon Blanc 2023
948,948,Dão Branco 2023
949,949,Alvarinho Deu La Deu 2023
950,950,Tyto Alba Rosé 2020
951,951,Flor das Tecedeiras Branco 2023
952,952,Flor das Tecedeiras 2022
953,953,Periquita Reserva 2022
954,954,Montes Claros Reserva 2018
955,955,Dona Ermelinda Reserva Branco 2023
956,956,Chardonnay 2023
957,957,Reserva 2021
958,958,Rosé 2023
959,959,Baga - Touriga Nacional 2022
960,960,Douro Reserva Branco 2023
961,961,Chardonnay - Arinto 2023
962,962,Dão Rótulo Tinto 2020
963,963,Diálogo Branco 2023
964,964,Diálogo Tinto 2021
965,965,Casa Das Infantas 2018
966,966,Arinto 2021
967,967,Alicante Bouschet Colheita Seleccionada 2018
968,968,Alvarinho Reserva 2022
969,969,Sauvignon Blanc 2023
970,970,Branco 2023
971,971,Tinto 2022
972,972,Douro Fabelhaft Tinto 2021
973,973,José de Sousa Alentejano 2021
974,974,Papa Figos Douro Branco 2023
975,975,Papa Figos Rosé 2022
976,976,Reserva Branco 2020
977,977,Reserva Chardonnay 2023
978,978,Reserva Premium Sauvignon Blanc 2023
979,979,Reserva Alicante Bouschet Premium 2022
980,980,Alvarinho 2023
981,981,Vinha do Putto Branco 2017
982,982,Vinha do Putto Tinto 2013
983,983,Touriga Nacional Rosè 2023
984,984,Sauvignon Blanc 2022
985,985,Moscatel Galego Branco 2020
986,986,Reserva Tinto 2021
987,987,Reserva Tinto 2020
988,988,Branco 2023
989,989,Branco 2022
990,990,Monte Velho Reserva Branco 2023
991,991,Piloto Collection Touriga Nacional 2021
992,992,Sauvignon Blanc 2023
993,993,Rosé 2023
994,994,Piloto Collection Síria Branco 2022
995,995,Piloto Collection Cabernet Sauvignon 2021
996,996,Patrão Diogo Lisboa Branco 2021
997,997,Pinot Gris 2022
998,998,Piloto Collection Alfrocheiro 2021
999,999,Tinto 2019
1000,1000,Branco 2021
1001,1001,Verdelho 2022
1002,1002,Tinto 2020
1003,1003,Arinto - Chardonnay 2023
1004,1004,Alvarinho 2022
1005,1005,Reserva Tinto 2022
1006,1006,Moscatel 2022
1007,1007,Gewürztraminer 2023
1008,1008,Chardonnay 2023
1009,1009,Reserva Quartz Branco 2023
1010,1010,Reserva Tinto 2022
1011,1011,Trincadeira Colheita Selecionada 2018
1012,1012,Quinta de Saes Rosé 2023
1013,1013,Quinta de Saes Branco 2023
1014,1014,Dão Álvaro Castro Branco 2022
1015,1015,Reserva Branco 2023
1016,1016,Tinto 2020
1017,1017,Rosé 2023
1018,1018,Aldeia 2021
1019,1019,Branco 2019
1020,1020,Douro Superior 2021
1021,1021,Passa Tinto 2021
1022,1022,Superior 2021
1023,1023,Automatico 2021
1024,1024,Quinta do Côtto Tinto 2019
1025,1025,Automático Branco 2023
1026,1026,Bafarela Reserva 2022
1027,1027,Vinha dos Santos Tinto 2020
1028,1028,Palha Canas Tinto 2019
1029,1029,Tinto 2021
1030,1030,Touriga Nacional em Rosé 2023
1031,1031,Branco 2022
1032,1032,Carlos Reynolds Branco 2023
1033,1033,Rosé 2023
1034,1034,Reserva 2021
1035,1035,Invincible Number Um Branco 2023
1036,1036,Arinto Branco 2022
1037,1037,Rosé 2022
1038,1038,Invincible Number Um Tinto 2021
1039,1039,Alicante Bouschet Colheita Seleccionada 2019
1040,1040,Artefacto Colheita Seleccionada Touriga Nacional 2021
1041,1041,Syrah Colheita Seleccionada 2019
1042,1042,Nosso Terroir Branco 2023
1043,1043,Vinha dos Santos Branco 2023
1044,1044,Douro Superior Branco 2023
1045,1045,Douro Superior 2022
1046,1046,Alabastro Reserva 2019
1047,1047,Reserva Touriga Nacional 2018
1048,1048,Touriga Nacional Colheita Seleccionada 2018
1049,1049,Viosinho 2019
1050,1050,Estate Collection Tinto 2016
1051,1051,Sommelier Edition Rosé 2022
1052,1052,Alentejano Rosé 2022
1053,1053,Reserva Tinto 2021
1054,1054,Colheita Seleccionada Branco 2022
1055,1055,Reserva Branco 2022
1056,1056,Reserva Arinto 2022
1057,1057,Quatro Ventos Superior 2019
1058,1058,Terras do Demo Touriga Nacional 2022
1059,1059,Terras do Demo Touriga Franca Tinto Bruto 2022
1060,1060,Mar da Palha Sauvignon Blanc 2023
1061,1061,Quinta da Calçada Alvarinho Terroir 2023
1062,1062,Colheita Selectionada Antão Vaz 2020
1063,1063,Reserva Arinto - Chardonnay 2023
1064,1064,Sommelier Edition Sauvignon Blanc 2023
1065,1065,Argilla Tinto 2019
1066,1066,Nosso Terroir 2022
1067,1067,Moscatel Galego Branco 2023
1068,1068,Chardonnay 2023
1069,1069,Dão Escolha 2018
1070,1070,Vidigueira 2022
1071,1071,Monólogo Chardonnay P706 2022
1072,1072,Caladessa Tinto 2020
1073,1073,Monólogo Avesso P67 2023
1074,1074,Monólogo Arinto P24 2022
1075,1075,Caladessa Branco 2018
1076,1076,Xisto Preto Reserva 2020
1077,1077,Andreza Reserva Branco 2023
1078,1078,Grand Cuveé Brut Milésime 2020
1079,1079,Terras Do Pó Reserva 2021
1080,1080,Baga Bairrada Reserva Rosé Bruto 2021
1081,1081,Dez Tostões Rosé 2023
1082,1082,Abanico Reserva Branco 2022
1083,1083,Abanico Reserva 2020
1084,1084,Tapada Nova Pet-Nat 2022
1085,1085,Tyto Alba Branco 2020
1086,1086,Reserva 2020
1087,1087,Douro Branco 2021
1088,1088,Entre II Santos Tinto 2013
1089,1089,Entre II Santos Branco 2019
1090,1090,Pasmados Branco 2020
1091,1091,Sommelier Edition Tinto 2021
1092,1092,Tinto 2022
1093,1093,Tinto 2009
1094,1094,Branco 2022
1095,1095,Arinto Reserva 2021
1096,1096,Monte do Zambujeiro 2023
1097,1097,Baga Reserva 2019
1098,1098,Solos de Granito Alvarinho 2022
1099,1099,Tinto 2019
1100,1100,Casal da Azenha Branco 2019
1101,1101,Douro White 2022
1102,1102,Douro Dourosa Red 2019
1103,1103,Reserva Touriga Nacional 2019
1104,1104,Três Bagos Reserva Branco 2018
1105,1105,Reserva Cabernet Sauvignon 2018
1106,1106,Reserva Syrah 2019
1107,1107,Reserva Pinot Noir 2020
1108,1108,Reserva Branco 2020
1109,1109,Reserva Merlot 2019
1110,1110,Bairrada Reserva Bruto 2021
1111,1111,Rosé 2023
1112,1112,Maria Mansa Douro Tinto 2021
1113,1113,Alvarinho 2023
1114,1114,Branco (Loureiro) 2023
1115,1115,Trincadeira Reserva 2021
1116,1116,Pios Tinto 2015
1117,1117,Carménère Reserva 2022
1118,1118,Sauvignon Blanc 2023
1119,1119,Piloto Collection Roxo Branco 2023
1120,1120,Branco 2023
1121,1121,Contraste Branco 2022
1122,1122,Contraste Rosé 2021
1123,1123,Syrah Reserva 2021
1124,1124,Encruzado 2023
1125,1125,Rosé 2022
1126,1126,Castelão 2020
1127,1127,Cimento 2021
1128,1128,Rosé 2023
1129,1129,Contraste Tinto 2021
1130,1130,Ninfa 2017
1131,1131,Dão Reserva 2018
1132,1132,Dão Reserva Branco 2023
1133,1133,Moscatel Galego Branco Atlântico 2019
1134,1134,Branco 2020
1135,1135,Três Bagos Reserva Branco 2022
1136,1136,Prima 2023
1137,1137,Sommelier Edition Branco 2023
1138,1138,Pinot Noir - Merlot Rosé 2023
1139,1139,Alvarinho 2022
1140,1140,Touriga Franca 2021
1141,1141,Cabernet Sauvignon 2022
1142,1142,Tinto 2021
1143,1143,Branco 2023
1144,1144,Pinot Noir Rosé 2023
1145,1145,Petit Verdot 2019
1146,1146,Arinto 2020
1147,1147,Sauvignon Blanc 2022
1148,1148,Viognier 2021
1149,1149,Riesling 2020
1150,1150,Touriga Nacional 2021
1151,1151,Castelão 2018
1152,1152,Chardonnay 2023
1153,1153,Viosinho 2022
1154,1154,Merlot 2022
1155,1155,EA Reserva Tinto 2021
1156,1156,Rosé 2023
1157,1157,Touriga Nacional Dão 2019
1158,1158,Bical Reserva Branco 2021
1159,1159,Mar do Inferno Arinto Atlântico 2023
1160,1160,Alvarinho 2022
1161,1161,Colheita Rosé 2022
1162,1162,Naked Pinot Noir Rosé 2023
1163,1163,Quinta da Garrida Reserva Tinto 2016
1164,1164,Alicante Bouschet Reserva 2022
1165,1165,Reserva da Família Branco 2022
1166,1166,Douro Rosé 2020
1167,1167,Bruto Maria Gomes N.V.
1168,1168,GWT 2023
1169,1169,Merlot Reserva 2022
1170,1170,Douro Tinta Barroca 2022
1171,1171,Colheita Tinto 2021
1172,1172,Colheita Branco 2023
1173,1173,Cabernet Sauvignon Reserva 2021
1174,1174,Touriga Nacional Reserva 2021
1175,1175,Sauvignon Blanc - Verdelho 2023
1176,1176,Alvarinho 2023
1177,1177,Pinot Noir Reserva 2021
1178,1178,Sauvignon Blanc 2017
1179,1179,Pinot Grigio 2017
1180,1180,Pinot Noir Rosé 2016
1181,1181,Arinto 2017
1182,1182,Alvarinho 2017
1183,1183,Grande Trinca Bolotas 2021
1184,1184,Brut Nature 2021
1185,1185,Alentejano Branco 2023
1186,1186,Branco 2020
1187,1187,Arinto 2022
1188,1188,Viosinho 2022
1189,1189,Alvarinho 2021
1190,1190,Syrah 2022
1191,1191,Minas 2022
1192,1192,Anel Branco 2023
1193,1193,Anel Reserva 2022
1194,1194,Quinta de Saes Tobias Cerceal Branco 2023
1195,1195,Quinta de Saes Tobias Tinto 2020
1196,1196,Quinta da Mimosa Palmela 2022
1197,1197,Morgadio da Torre Alvarinho 2023
1198,1198,Beiras Vinhas Velhas Branco 2023
1199,1199,Quinta de San Joanne Terroir Mineral Branco 2021
1200,1200,Elegance Rosé de Pinot Noir 2022
1201,1201,QM Rosé 2023
1202,1202,Quinta de Vale Veados 2020
1203,1203,Apelido Tinto 2020
1204,1204,Vila Santa Reserva Branco 2022
1205,1205,Reserva Tinto 2021
1206,1206,Rosé 2023
1207,1207,Branco 2023
1208,1208,Branco 2023
1209,1209,Colheita Branco 2022
1210,1210,Lote Especial Branco 2022
1211,1211,Superior Branco 2023
1212,1212,Baga Brut Rosé 2019
1213,1213,Superior Tinto 2021
1214,1214,Lote 3 Tinto 2022
1215,1215,Lote 3 Rosé 2022
1216,1216,Lote 3 Branco 2023
1217,1217,Homenagem Reserva 2019
1218,1218,Familia Margaça Reserva 2021
1219,1219,Família Margaça Reserva Branco 2021
1220,1220,Branco 2023
1221,1221,Pelludo Coleção Uvelhas Negras 2020
1222,1222,Tinto 2022
1223,1223,Bruto 2018
1224,1224,Domingos Soares Franco Colecção Privada Riesling 2022
1225,1225,Domingos Soares Franco Colecção Privada Verdelho 2022
1226,1226,Alentejo Dom Rafael Branco 2023
1227,1227,Domingos Soares Franco Colecção Privada Moscatel Roxo Rosé 2023
1228,1228,Alentejo Dom Rafael Tinto 2021
1229,1229,Baga Blanc de Noirs Bruto 2019
1230,1230,Crasto Rosé 2023
1231,1231,Crasto Branco 2023
1232,1232,Crasto Red 2021
1233,1233,Caladessa Syrah 2021
1234,1234,Tinto 2019
1235,1235,Colheita Branco 2023
1236,1236,Raio de Luz Tinto 2022
1237,1237,Raio de Luz Blanc 2022
1238,1238,Terroir Rosé 2023
1239,1239,M.I. Branco 2023
1240,1240,Alvarinho 2021
1241,1241,Terroir Tinto 2020
1242,1242,Bruto Natural Rosé 2022
1243,1243,Sauvignon Blanc 2023
1244,1244,Chardonnay 2023
1245,1245,Terroir Branco 2023
1246,1246,M.I. Tinto 2020
1247,1247,Monte da Vinha Sauvignon Blanc 2023
1248,1248,Tyto Alba Tinto 2019
1249,1249,Touriga Nacional 2020
1250,1250,Pithoi Bianco 2022
1251,1251,Terre dei Grifi Frascati Secco 2022
1252,1252,Club Trebbiano d'Abruzzo 2022
1253,1253,Pithoi Nero d'Avola 2022
1254,1254,Pithoi Bianco 2023
1255,1255,Bianco 2022
1256,1256,Soave 2023
1257,1257,Custoza 2023
1258,1258,Cabernet 2023
1259,1259,Negroamaro 2023
1260,1260,Colle Cavalieri Chardonnay Terre di Chieti 2021
1261,1261,Club Cerasuolo d'Abruzzo Rosé 2022
1262,1262,Frappato 2022
1263,1263,Nerello Mascalese 2022
1264,1264,Nero d'Avola 2021
1265,1265,Greco di Tufo 2021
1266,1266,Rosso Degli Scudi Syrah 2023
1267,1267,Bianco Degli Scudi Grillo 2023
1268,1268,Rosso degli Scudi Nero d'Avola 2023
1269,1269,Colle Cavalieri Trebbiano d'Abruzzo 2020
1270,1270,Syrah 2023
1271,1271,Grillo 2023
1272,1272,Pecorino 2021
1273,1273,Passerina 2021
1274,1274,Müller Thurgau 2023
1275,1275,Terre Sabelli Trebbiano d'Abruzzo 2020
1276,1276,Terre Sabelli Chardonnay 2020
1277,1277,I Versi Rosso 2019
1278,1278,Toscana di Novello 2023
1279,1279,Primo Sangiovese - Merlot 2023
1280,1280,Collezione Cabernet 2020
1281,1281,Primitivo 2023
1282,1282,Invidia Abruzzo Passerina 2020
1283,1283,Collezione Beatrice Soave 2023
1284,1284,Syrah 2018
1285,1285,Vicenne Trebbiano d’Abruzzo 2020
1286,1286,Morandium Chardonnay 2019
1287,1287,Club Chardonnay 2023
1288,1288,Passerina 2020
1289,1289,Insolia 2021
1290,1290,Chardonnay 2023
1291,1291,Colle Secco Trebbiano d'Abruzzo 2020
1292,1292,Trebbiano d'Abruzzo 2020
1293,1293,Cerasuolo d'Abruzzo 2020
1294,1294,Cuvée 21 Dolce Millesimato 2022
1295,1295,Montepulciano d’Abruzzo  2022
1296,1296,Shiraz 2022
1297,1297,Nero d'Avola 2023
1298,1298,Ca'Preella Pinot Grigio 2019
1299,1299,Ducaminimo Trebbiano d'Abruzzo 2022
1300,1300,Peladi Cerasuolo d'Abruzzo 2019
1301,1301,Feudo Croce Amarosé Negroamaro Rosato 2019
1302,1302,Collezione Nero d'Avola 2023
1303,1303,Pecorino 2020
1304,1304,Trebbiano d'Abruzzo 2020
1305,1305,Centènus Selection Tènus 2022
1306,1306,Terre Sabelli  Pecorino Terre di Chieti 2020
1307,1307,With Love Pecorino 2023
1308,1308,With Love BBQ & Bistecca Syrah 2023
1309,1309,With Love Sauvignon 2023
1310,1310,Masseria Surani Arthemis Fiano 2019
1311,1311,Lyrícus Verdicchio dei Castelli di Jesi Classico 2019
1312,1312,Club Pinot Grigio 2022
1313,1313,Club Pecorino 2022
1314,1314,Vermentino di Sardegna 2023
1315,1315,Garganega Veronese 2023
1316,1316,Castelli Romani Rosso 2022
1317,1317,Soave 2023
1318,1318,Castelli Romani Bianco 2023
1319,1319,Collezione Cabernet 2021
1320,1320,Collezione Primitivo 2023
1321,1321,Cuvée Spumante Brut 
1322,1322,Villa Adami Pinot Grigio Terre di Chieti 2020
1323,1323,Villa Adami Trebbiano d'Abruzzo 2020
1324,1324,Villa  Adami Falanghina Terre di Chieti 2020
1325,1325,Cleofe 2019
1326,1326,Collezione Beatrice Soave 2022
1327,1327,L'Agreste Conero Rosso 2022
1328,1328,Greco di Vignanello 2021
1329,1329,Cantine San Giorgio Kleio Negroamaro Rosato Salento 2019
1330,1330,Bardolino 2022
1331,1331,Trebbiano d'Abruzzo 2020
1332,1332,Refosco dal Peduncolo Rosso 2023
1333,1333,Chianti 2023
1334,1334,Tareni Frappato 2022
1335,1335,Cabernet 2023
1336,1336,Pinot Grigio 2023
1337,1337,OltreMare Rosato 2020
1338,1338,Le Vie del Mare Rosato 2021
1339,1339,Kore Nero d'Avola 2023
1340,1340,Custoza Bianco 2023
1341,1341,Roceno Grillo 2023
1342,1342,Roceno Grecanico 2023
1343,1343,Corvo 2022
1344,1344,Barbera 2023
1345,1345,Spiria Cococciola 2022
1346,1346,Aureliana  Gavi 2021
1347,1347,Merlot 2022
1348,1348,Chardonnay 2021
1349,1349,Antura Nero d'Avola 2022
1350,1350,Corvina Veronese 2020
1351,1351,Frentano Cerasuolo d'Abruzzo 2022
1352,1352,Seiano Bianco 2022
1353,1353,People Frascati Superiore 2023
1354,1354,Kore Chardonnay 2023
1355,1355,Antura Grillo 2023
1356,1356,Così Chianti Biologico 2022
1357,1357,Filarino Sangiovese Rosato 2020
1358,1358,Ashè Trebbiano d'Abruzzo 2020
1359,1359,Cirò Rosso Classico 2022
1360,1360,Riflessi Rosso 2023
1361,1361,Vicenne Trebbiano d’Abruzzo 2023
1362,1362,Vicenne Cerasuolo d'Abruzzo 2023
1363,1363,Cabernet Franc 2022
1364,1364,Piane di Maggio Cerasuolo d'Abruzzo Rosè 2020
1365,1365,Bouquet Rosato 2021
1366,1366,Orus Negroamaro 2020
1367,1367,Pecorino 2020
1368,1368,Poesia Etna Rosato 2020
1369,1369,Pinot Nero 2022
1370,1370,Malvasia 2022
1371,1371,Friulano 2023
1372,1372,Ortrugo Frizzante 2023
1373,1373,Prosecco Extra Dry 2023
1374,1374,Ribolla Gialla 2023
1375,1375,Refosco dal Penduncolo Rosso 2022
1376,1376,Pinot Grigio Delle Venezie 2023
1377,1377,Pignoletto Secco 1968
1378,1378,Glicine Rosso 2022
1379,1379,Vermentino Salento Bianco 2023
1380,1380,Negroamaro Salento Rosato 2023
1381,1381,Colafogo Soave 2021
1382,1382,Linea Monteselva Cerasuolo d'Abruzzo Rosé 2020
1383,1383,Valle d'Oro Cerasuolo d'Abruzzo 2020
1384,1384,Passerina Terre di Chieti 2021
1385,1385,Kubìla Bianco 2023
1386,1386,Chardonnay 2023
1387,1387,Fuori Legge Bianco 2019
1388,1388,Tre Trebbiano d'Abruzzo 2021
1389,1389,Pecorino 2020
1390,1390,Castel del Monte Bolonero 2020
1391,1391,Luzano Verdicchio dei Castelli di Jesi Classico Superiore 2023
1392,1392,Vignolè Falanghina del Sannio 2022
1393,1393,Vedetta Del Re Custoza 2023
1394,1394,Terre dei Grifi Frascati Secco 2023
1395,1395,Due Mondi Nero d'Avola 2023
1396,1396,Fiano 2023
1397,1397,Ca'Preella Bardolino 2023
1398,1398,Merlot 2023
1399,1399,Cuvée 21 Dolce Millesimato 2023
1400,1400,Due Mondi Cabernet Sauvignon - Nero d'Avola 2022
1401,1401,Due Mondi Syrah 2022
1402,1402,Scantianum  Sangiovese 2023
1403,1403,Greco 2023
1404,1404,Brolo Alto Rosé 2023
1405,1405,C'Era Una Volta Il Riesling 2023
1406,1406,Le Terre dell'Abate Montepulciano d'Abruzzo 2018
1407,1407,Chianti 2023
1408,1408,Chianti 2023
1409,1409,Buon Governo Toscana Governo all'uso 2022
1410,1410,Butterfly Millesimato Prosecco Rosé 2023
1411,1411,Grillo 2023
1412,1412,Roceno Syrah 2022
1413,1413,Montepulciano d'Abruzzo 2021
1414,1414,Catarratto - Pinot Grigio 2022
1415,1415,Merlot 2022
1416,1416,Sensale Nero d'Avola 2022
1417,1417,Corte Alla Luna Cesanese di Olevano Romano 2021
1418,1418,i Quercioli Lambrusco di Sorbara Secco N.V.
1419,1419,Terre di Sole Bianco 2021
1420,1420,Nǐvéus Sauvignon - Garganega 2023
1421,1421,Fantini Montepulciano d'Abruzzo 2022
1422,1422,Costa del Mulino Abruzzo Passerina 2022
1423,1423,Alianto Pecorino 2022
1424,1424,Müller Thurgau - Traminer Extra Dry 2023
1425,1425,Pinot Nero Extra Brut Millesimato 2023
1426,1426,Arbòreo Trebbiano d’Abruzzo 2023
1427,1427,Arbòreo Cerasuolo d'Abruzzo 2021
1428,1428,Aglianico 2021
1429,1429,Nero d'Avola 2022
1430,1430,Quattro Borghi Grecanico 2022
1431,1431,Pinot Noir Extra Dry 2021
1432,1432,Il Principe Nero d'Avola 2022
1433,1433,C'Era Una Volta Il Buttafuoco 2021
1434,1434,Syrah 2021
1435,1435,Doriz  Pecorino 2021
1436,1436,Merlot 2021
1437,1437,I Scuri Merlot 2021
1438,1438,Nero d'Avola 2021
1439,1439,Intrigànte Catarratto 2021
1440,1440,Molino a Vento Grillo 2023
1441,1441,Villa Solais Vermentino di Sardegna 2023
1442,1442,Val dei Molini Custoza 2023
1443,1443,Syrah 2020
1444,1444,Pepito's Bianco 2022
1445,1445,Molino a Vento Syrah 2023
1446,1446,Aglianico 2022
1447,1447,Aglianico 2023
1448,1448,Grillo 2022
1449,1449,Grillo 2023
1450,1450,Grillo 2023
1451,1451,Podere Dogliani 2023
1452,1452,Roceno Syrah 2023
1453,1453,Cabernet Sauvignon 2023
1454,1454,Pian di Rémole Rosso 2020
1455,1455,Cerasuolo d'Abruzzo 2021
1456,1456,Merlot 2021
1457,1457,Meraner Burggräfler 2023
1458,1458,Pecorino 2019
1459,1459,Liberamente Trebbiano d'Abruzzo 2019
1460,1460,Bio Gavi del Comune di Gavi 2021
1461,1461,Riseis Pecorino 2020
1462,1462,Nero di Troia Puglia 2021
1463,1463,Ca'Preella Soave 2023
1464,1464,Roceno Inzolia 2023
1465,1465,Acquerello Grillo - Sauvignon Blanc 2021
1466,1466,Cannonau di Sardegna 2023
1467,1467,Fiano 2023
1468,1468,Roceno Viognier 2023
1469,1469,Merlot Montello e Colli Asolani 2020
1470,1470,Roceno Nerello Mascalese Rosé 2023
1471,1471,Cerasuolo d'Abruzzo Rose Biologico 2023
1472,1472,Roceno Nerello Mascalese 2023
1473,1473,Pinot Grigio 2023
1474,1474,Molino a Vento Grillo 2022
1475,1475,Opere Verdicchio dei Castelli di Jesi 2019
1476,1476,Pecorino 2020
1477,1477,Pecorino 2020
1478,1478,Bardolino 2021
1479,1479,Furfante Frizzante Rosé 
1480,1480,Bardolino Classico 2020
1481,1481,Bardolino 2023
1482,1482,Millenovecentodieci Primitivo 2022
1483,1483,Cannonau di Sardegna 2019
1484,1484,Syrah 2023
1485,1485,Villa Maina Malvasia 2023
1486,1486,Maremosso Bianco Frizzante 2023
1487,1487,Sauvignon Blanc 2023
1488,1488,Friulano 2023
1489,1489,Riflessi Bianco 2023
1490,1490,Le Sorbole 2023
1491,1491,Tareni del Duca Nero d'Avola 2023
1492,1492,Chronicon Cerasuolo d'Abruzzo 2021
1493,1493,Chardonnay 2023
1494,1494,Quattro Borghi Inzolia - Viognier 2023
1495,1495,Quattro Borghi Nero d'Avola 2022
1496,1496,Quattro Borghi Syrah 2023
1497,1497,Nero d'Avola Bio 2022
1498,1498,Terre di Val Bona Verdicchio di Matelica 2022
1499,1499,L'Agreste Verdicchio dei Castelli di Jesi Classico Superiore 2022
1500,1500,Norie Negroamaro 2021
1501,1501,Ùle (volo) Syrah 2023
1502,1502,Ribolla Gialla Collio 2023
1503,1503,Le Rime (Pinot Grigio - Chardonnay) 2023
1504,1504,Romos Roma Bianco 2023
1505,1505,Piazza del Cielo Zagarolo Bianco 2022
1506,1506,Terre In Fiore Bardolino 2021
1507,1507,Falanghina del Sannio 2022
1508,1508,Quattro Borghi Grecanico 2023
1509,1509,Tenuta San Marco Primitivo 2018
1510,1510,Chardonnay 2023
1511,1511,Costantino Collezione Salento Rosso Passito 2020
1512,1512,Bardolino 2022
1513,1513,Rosso Piceno 2023
1514,1514,Janare Sannio Fiano 2023
1515,1515,Cuvée Rosa Extra Dry N.V.
1516,1516,1932 Primitivo Rosato 2023
1517,1517,Aria Siciliana Syrah 2019
1518,1518,Carpio Bianco 2021
1519,1519,Oro dei Sani Chianti 2022
1520,1520,Umbria Bianco 2021
1521,1521,Fermento Siciliano 2018
1522,1522,Trebbiano 2020
1523,1523,Barbera d'Alba 2019
1524,1524,Chianti Riserva 2020
1525,1525,Refosco dal Peduncolo Rosso 2023
1526,1526,Pinot Grigio 2022
1527,1527,Friulano 2023
1528,1528,Schiava Gentile 2023
1529,1529,Albiano Verdicchio dei Castelli di Jesi Classico 2023
1530,1530,Cabernet Franc 2022
1531,1531,Orvieto Classico 2023
1532,1532,Rosato 2023
1533,1533,Nero Di Troia Torre Del Falco 2021
1534,1534,Corvina Veronese 2020
1535,1535,Quinto Pecorino 2020
1536,1536,Lambrusco Grasparossa di Castelvetro Amabile N.V.
1537,1537,Vitiano Vermentino 2023
1538,1538,Piceno Bacchus 2023
1539,1539,Sangiovese Romagna 2021
1540,1540,Bardia Isola dei Nuraghi 2020
1541,1541,S'Elegas Nuragus di Cagliari 2023
1542,1542,448 s.l.m. Rosso 2019
1543,1543,Gerbino Bianco 2022
1544,1544,Janare Sannio Greco 2022
1545,1545,Uno Trebbiano d'Abruzzo 2020
1546,1546,Terre Sarde Vermentino di Sardegna 2021
1547,1547,Kriya Passerina 2022
1548,1548,Chianti 2022
1549,1549,Pinot Rosa Veneto Frizzante N.V.
1550,1550,Malvasia Blanc 2021
1551,1551,Piedirosso 2021
1552,1552,Janare Sannio Greco 2023
1553,1553,Beneventano Falanghina Vico Riviera Numero 99 2023
1554,1554,Lucanto Trebbiano d'Abruzzo 2020
1555,1555,Nero Buono 2022
1556,1556,Bianchello del Metauro 2023
1557,1557,Frascati 2023
1558,1558,Uvam Pinot Grigio delle Venezie 2023
1559,1559,C'Era Una Volta Il Pinot Noir 2023
1560,1560,C'Era Una Volta Il Pinot Noir 2022
1561,1561,Moi Verdeca del Salento 2023
1562,1562,Barbera del Monferrato 2019
1563,1563,Rosato 2020
1564,1564,Luzano Verdicchio dei Castelli di Jesi Classico Superiore 2019
1565,1565,Nèprica Rosé 2023
1566,1566,Nèprica Negroamaro 2022
1567,1567,Pecorino 2022
1568,1568,Nero d'Avola 2019
1569,1569,Janare Falanghina del Sannio 2022
1570,1570,Fedora Castel del Monte 2022
1571,1571,Borgo Thaulero Chardonnay 2023
1572,1572,Mia Natura Pecorino 2019
1573,1573,Castadiva Friulano 2022
1574,1574,S’Éleme Vermentino di Gallura 2023
1575,1575,Bio Zero Abruzzo Bianco 2021
1576,1576,Le Undici Terre Custoza 2023
1577,1577,Campogrande Orvieto Classico 2023
1578,1578,Soave 2022
1579,1579,Terracrua Rosso 2021
1580,1580,Nero d'Avola 2022
1581,1581,Terracrua Bianco 2022
1582,1582,Nero d'Avola 2023
1583,1583,La Segreta Il Rosso 2018
1584,1584,Puglia Rosso 2022
1585,1585,Raboso 2022
1586,1586,Rosso Verona 2022
1587,1587,Montepulciano d'Abruzzo 2021
1588,1588,Soave 2023
1589,1589,Nero d'Avola 2022
1590,1590,Moscato 2023
1591,1591,Cococciola Abruzzo 2020
1592,1592,Bardolino 2019
1593,1593,Montelocco Lambrusco Rosé N.V.
1594,1594,Dei Respiri Grillo 2023
1595,1595,Rami Falanghina 2019
1596,1596,Syrah 2017
1597,1597,Gleifner St. Magdalener Classico 2023
1598,1598,Dei Respiri Bianco 2023
1599,1599,Costadune Nero d’Avola 2021
1600,1600,Dei Respiri Nero d'Avola 2023
1601,1601,Stè Verdicchio dei Castelli di Jesi 2023
1602,1602,OltreMare Rosato 2022
1603,1603,Brino Vermentino di Gallura 2021
1604,1604,Blu Vermentino di Sardegna 2023
1605,1605,Cantine San Giorgio Talete Chardonnay Puglia 2019
1606,1606,NO SO2 Montepulciano d'Abruzzo 2019
1607,1607,Primitivo 2020
1608,1608,Neama Negroamaro Salento 2022
1609,1609,Grillo 2023
1610,1610,Complice Grillo 2020
1611,1611,Centenario Lambrusco Grasparossa di Castelvetro Amabile N.V.
1612,1612,Le Bombarde Cannonau di Sardegna 2022
1613,1613,Casasole Orvieto Classico Amabile 2023
1614,1614,Alghero Rosato 2020
1615,1615,Valle d'Oro Terre di Chieti Pecorino 2020
1616,1616,Müller Thurgau Cuvée Speciale Brut 2023
1617,1617,Chardonnay Puglia 2023
1618,1618,Borgo Alla Terra Vernaccia di San Gimignano 2022
1619,1619,Dolcetto d'Alba 2021
1620,1620,Collezione Oro Chianti Superiore 2023
1621,1621,Grillo 2020
1622,1622,Bonarda Frizzante 2022
1623,1623,Aulente Rosso 2016
1624,1624,Vignolè Gragnano Frizzante 2022
1625,1625,Chianti 2019
1626,1626,Vigneti di Bruma Beneventano Aglianico 2022
1627,1627,Falanghina 2023
1628,1628,Rosalita Rosato Salento 2023
1629,1629,Il Pumo Salento Rosso 2022
1630,1630,Canonico Negroamaro Salento 2022
1631,1631,Borgo Alla Terra Chianti Colli Senesi 2022
1632,1632,Master C27 Millesimato Extra Dry 2022
1633,1633,Janare Falanghina del Sannio 2023
1634,1634,Inzolia 2023
1635,1635,Terre Sarde Cannonau di Sardegna 2021
1636,1636,Eughenès Perricone 2023
1637,1637,Roceno Nero d'Avola 2023
1638,1638,Rahalmet Viognier 2023
1639,1639,Rahalmet Insolia 2023
1640,1640,Mont'élimo Perricone 2021
1641,1641,Master C27 Millesimato Extra Dry 2023
1642,1642,C'Era Una Volta Il Sangue di Giuda Dolce 2023
1643,1643,Barbera 2023
1644,1644,Vermentino Maremma Toscana Valcolomba 2023
1645,1645,Falanghina 2022
1646,1646,Janare Sannio Aglianico 2021
1647,1647,Traminer Aromatico 2022
1648,1648,Montelocco Lambrusco Emilia N.V.
1649,1649,Gutturnio Frizzante 2022
1650,1650,Gutturnio Frizzante 2022
1651,1651,Il Pumo Primitivo 2022
1652,1652,Gerbino Rosso 2020
1653,1653,Falanghina 2022
1654,1654,Soave Classico Montefoscarino 2020
1655,1655,Eughenès Nero d'Avola 2022
1656,1656,Rahalmet Grillo 2023
1657,1657,Villa Angela Falerio Pecorino 2022
1658,1658,Papiri Vermentino di Sardegna 2023
1659,1659,C'Era Una Volta Il Sangue di Giuda Dolce 2024
1660,1660,Il Pumo Negroamaro 2022
1661,1661,Bianco di Custoza 2023
1662,1662,Collezione Oro Chianti Riserva 2020
1663,1663,Verdicchio di Matelica 2023
1664,1664,Dogajolo Toscana Bianco 2021
1665,1665,Armannia Passerina 2020
1666,1666,Cerano Trebbiano d'Abruzzo Superiore 2019
1667,1667,Costa del Mulino Abruzzo Cococciola 2023
1668,1668,Boccanera Barbera Colli Tortonesi 2020
1669,1669,Terre di Chieti Cococciola 2021
1670,1670,Catalù Catarratto 2022
1671,1671,Nero d'Avola 2022
1672,1672,Sardegna Semidano Mogoro 2021
1673,1673,Terre Valse Abruzzo Pecorino 2021
1674,1674,Chardonnay 2023
1675,1675,Sangiovese 2021
1676,1676,Bardolino 2022
1677,1677,Capocaccia Alghero Rosso 2021
1678,1678,Fragolino Bianco 2022
1679,1679,Pengue Beneventano Falanghina 2022
1680,1680,Nero d'Avola 2021
1681,1681,Pecorino 2022
1682,1682,Passerina 2023
1683,1683,Ribolla Gialla 2022
1684,1684,Grillo 2022
1685,1685,Nerello Mascalese 2022
1686,1686,Chardonnay 2023
1687,1687,Albizzia Chardonnay 2023
1688,1688,Gewürztraminer 2022
1689,1689,Cardilla Grillo 2023
1690,1690,Cardilla Frappato 2023
1691,1691,Cardilla Lucido 2022
1692,1692,Syrah 2021
1693,1693,Garganega - Chardonnay Veneto 2021
1694,1694,Soave Classico 2021
1695,1695,Rocca delle Querce Rosso 2022
1696,1696,Pengue Beneventano Aglianico 2022
1697,1697,Grillo 2022
1698,1698,Nero d'Avola 2022
1699,1699,Bisanzio Montepulciano d'Abruzzo 2022
1700,1700,Aulente Rosso 2022
1701,1701,Trebbiano d'Abruzzo Superiore 2018
1702,1702,Negroamaro 2023
1703,1703,Primitivo Sole 2023
1704,1704,Cirò Classico Rosso (Segno) 2021
1705,1705,Rubicone Sangiovese 2022
1706,1706,Scaliere Negroamaro 2020
1707,1707,Cirò Bianco (Segno) 2022
1708,1708,Gădum Cabernet Sauvignon 2022
1709,1709,L'Agreste Lacrima di Morro d'Alba 2022
1710,1710,Orus Negroamaro 2021
1711,1711,Chardonnay Puglia 2024
1712,1712,Primitivo Appassimento 2023
1713,1713,Chianti 2022
1714,1714,Rasenno Bianco di Pitigliano 2021
1715,1715,Soave Classico Colombara 2019
1716,1716,Aria Siciliana  Merlot 2019
1717,1717,Molino a Vento Inzolia 2023
1718,1718,Gentilesco Chianti 2022
1719,1719,Vitiano Cabernet Sauvignon 2022
1720,1720,Cirò Bianco (Segno) 2023
1721,1721,Le Rosè 2019
1722,1722,Merlot 2023
1723,1723,Verdicchio dei Castelli di Jesi Classico 2019
1724,1724,Primitivo 2022
1725,1725,Ashè Trebbiano d'Abruzzo 2022
1726,1726,Catarratto - Chardonnay 2023
1727,1727,Orus Negroamaro 2022
1728,1728,Negroamaro 2023
1729,1729,Pinot Grigio 2022
1730,1730,Cirò Classico Rosso (Segno) 2022
1731,1731,Cirò Rosato (Segno) 2023
1732,1732,Primitivo Salento 2021
1733,1733,Grillo 2023
1734,1734,Trebbiano d'Abruzzo 2022
1735,1735,Negroamaro 2021
1736,1736,La Clarissa Syrah 2023
1737,1737,Primitivo 2022
1738,1738,Aragosta Vermentino di Sardegna 2023
1739,1739,Grotta Rossa Carignano del Sulcis 2022
1740,1740,Làmina Montepulciano D' Abruzzo 2018
1741,1741,Casareggio Barbera d'Asti 2023
1742,1742,Blina Barbera d'Asti 2021
1743,1743,Sangiovese Toscana 2022
1744,1744,Chianti 2023
1745,1745,Prosecco Brut Millesimato Rosé 2023
1746,1746,Federico Sangiovese Superiore 2022
1747,1747,Perdera Monica di Sardegna 2022
1748,1748,Calaluna Vermentino di Sardegna 2023
1749,1749,Valpolicella 2022
1750,1750,Tinchitè Rosé 2021
1751,1751,Sangiovese di Romagna Superiore Riserva 2021
1752,1752,Bianco di Custoza 2023
1753,1753,Cirò Bianco 2022
1754,1754,Bardolino Classico 2021
1755,1755,Soave 2022
1756,1756,Scalapetra Rosso 2021
1757,1757,Bardolino 2022
1758,1758,Soave Classico 2021
1759,1759,Il Prugnolo Chianti Superiore 2022
1760,1760,Chianti 2022
1761,1761,Corte Auda Cannonau di Sardegna 2022
1762,1762,Vignolé Piedirosso 2022
1763,1763,Suliccènti Grillo 2023
1764,1764,Costa Toscana Organic Rosso 2022
1765,1765,Kudyah Nero d'Avola 2019
1766,1766,Blasi Chardonnay 2022
1767,1767,Chianti Riserva 2020
1768,1768,Il Pumo Salento Rosato 2023
1769,1769,Acquerello Grillo - Sauvignon Blanc 2023
1770,1770,Chardonnay Puglia 2022
1771,1771,Trebbiano d'Abruzzo 2023
1772,1772,Cerasuolo d'Abruzzo Rosé (Tralcetto) 2023
1773,1773,Acquerello Syrah 2022
1774,1774,Fontana del Fongo Valpolicella Classico 2019
1775,1775,Biosfera Da Uve Catarratto Bianco 2023
1776,1776,Rèmole Rosé 2023
1777,1777,Nero d'Avola - Cabernet Sauvignon 2022
1778,1778,Gutturnio 2023
1779,1779,Janare Sannio Coda di Volpe 2023
1780,1780,Acquerello Chardonnay 2023
1781,1781,Montepulciano d'Abruzzo 2023
1782,1782,Materico Da Uve Nero d'Avola 2022
1783,1783,Chardonnay 2023
1784,1784,Rèmole Bianco 2023
1785,1785,Il Bianco di Ciccio (Tralcetto) 2023
1786,1786,Castel del Monte Rosé 2023
1787,1787,Trebbiano 2023
1788,1788,Anima Umbra Grechetto 2023
1789,1789,Vermentino 2021
1790,1790,Negroamaro 2023
1791,1791,Frida Passerina 2021
1792,1792,Diego Verdicchio dei Castelli di Jesi Classico 2021
1793,1793,Cimarè Rosso Piceno 2020
1794,1794,Sospiro 2022
1795,1795,Lastone Rosso 2021
1796,1796,Cerasuolo d'Abruzzo Sostenibile Biologico 2022
1797,1797,Bianco (Cariddi) 2020
1798,1798,Ca' Preella Valpolicella 2019
1799,1799,Gavi 2022
1800,1800,Pinot Grigio 2023
1801,1801,Chardonnay 2023
1802,1802,Lemoss N.V.
1803,1803,Fantini Cerasuolo d'Abruzzo 2018
1804,1804,Albarossa 2020
1805,1805,Rubico Lacrima di Morro d’Alba 2022
1806,1806,La Segreta Il Rosso 2021
1807,1807,Prosecco Millesimato Extra Dry 2022
1808,1808,Pinot Grigio delle Venezie 2023
1809,1809,Modello Masi Trevenezie Rosso 2023
1810,1810,Moscato d'Asti 2023
1811,1811,Soave 2022
1812,1812,Pinot Grigio delle Venezie 2022
1813,1813,Molino a Vento Chardonnay 2023
1814,1814,Aragosta Rosé 2022
1815,1815,La Malcotti Nebbiolo 2022
1816,1816,Vermentino di Gallura 2023
1817,1817,Sannio Fiano 2022
1818,1818,Capodimonte Rosso Conero 2021
1819,1819,Dolceoro Moscato d'Asti 2023
1820,1820,Grechetto Umbria 2023
1821,1821,Lambrusco Grasparossa di Castelvetro Amabile N.V.
1822,1822,Verdiso 2023
1823,1823,Santepietre Valpolicella Classico 2022
1824,1824,Manzoni 2023
1825,1825,Strozzavolpe 2023
1826,1826,Rèmole Rosso 2023
1827,1827,Alcamo 2022
1828,1828,Bianco di Custoza 2023
1829,1829,Ribolla Gialla 2022
1830,1830,Sangiovese Superiore 2021
1831,1831,Friulano 2023
1832,1832,Krios Vermentino di Sardegna 2023
1833,1833,Terre Verdiane Lambrusco Amabile 1813 N.V.
1834,1834,Duca di Mandas Monica di Sardegna 2022
1835,1835,Frascati Secco 2023
1836,1836,Soave 2023
1837,1837,Toscana Bianco 2022
1838,1838,Terre del Casale Frascati Secco 2023
1839,1839,Vivace Bianco 2023
1840,1840,Cabernet Franc 2020
1841,1841,Janub Rosso 2020
1842,1842,Janare Guardiolo Riserva Rosso 2014
1843,1843,Riflessi Frizzante 2023
1844,1844,Maremosso Rosé Frizzante 2023
1845,1845,.8 Grillo 2022
1846,1846,Falanghina 2023
1847,1847,Fontenera Negroamaro del Salento 2022
1848,1848,Anima Umbra Grechetto 2021
1849,1849,Pinot Grigio 2023
1850,1850,Anima Umbra Grechetto 2021
1851,1851,Chiaramonte Chardonnay Sicilia 2022
1852,1852,Prosecco Millesimato Rosé 2023
1853,1853,Neama Negroamaro Salento 2023
1854,1854,Le Due Arbie Rosso 2021
1855,1855,Sogno del Sud Merlot 2023
1856,1856,Sogno del Sud Grillo 2023
1857,1857,La Segreta Il Bianco 2023
1858,1858,Perla di vitigno Brut N.V.
1859,1859,Serrano Rosso Conero 2022
1860,1860,Grillo 2022
1861,1861,Piazza del Cielo Syrah 2023
1862,1862,Grechetto Montefalco 2022
1863,1863,Refosco dal Peduncolo Rosso 2020
1864,1864,Santi Medici Negroamaro 2018
1865,1865,Passo Marchese Chardonnay Biologico 2022
1866,1866,Costa Magna 2022
1867,1867,Pollùce Nero Buono 2021
1868,1868,Costantino Collezione Amarcor 2020
1869,1869,Barbera d'Alba 2022
1870,1870,Tenuta La Maredana Prosecco Treviso Brut N.V.
1871,1871,Piazza del Cielo Cesanese del Piglio 2021
1872,1872,Raverosse 2021
1873,1873,Aragosta Rosé 2023
1874,1874,Serrano Rosso Conero 2023
1875,1875,Bordeaux 2015
1876,1876,Graves Rouge 2011
1877,1877,Rosé N.V.
1878,1878,Bordeaux 2022
1879,1879,Bordeaux Rouge 2015
1880,1880,Bordeaux 2015
1881,1881,Bordeaux 2009
1882,1882,Bordeaux 2020
1883,1883,Bordeaux Rouge 2008
1884,1884,Chardonnay 2023
1885,1885,Muscat Sec 2023
1886,1886,Malicieuse Rosé 2023
1887,1887,Malicieuse Syrah 2022
1888,1888,4 Saisons Cabernet Sauvignon 2021
1889,1889,4 Saisons Cabernet Rosé 2023
1890,1890,Bordeaux Supérieur 2016
1891,1891,Bordeaux Rouge 2014
1892,1892,To Bi Or Not To Bi Rosé 2023
1893,1893,To Bi or Not To Bi Merlot - Grenache 2022
1894,1894,To Bi Or Not To Bi Macabeu - Grenache 2023
1895,1895,Bordeaux Supérieur 2019
1896,1896,Côtes De Gascogne Classic 2023
1897,1897,Bordeaux Blanc 2022
1898,1898,Le Petit Balthazar Merlot 2021
1899,1899,Bordeaux Blanc 2021
1900,1900,Le Petit Balthazar Cinsault Rosé 2023
1901,1901,Les Ramières 2022
1902,1902,Le Petit Balthazar Viognier - Sauvignon Blanc 2022
1903,1903,Sauvignon Blanc 2022
1904,1904,4 Saisons Chardonnay 2022
1905,1905,4 Saisons Sauvignon 2022
1906,1906,Graves Blanc 2016
1907,1907,Amountanage Blanc 2018
1908,1908,Roches d'Hillac 2018
1909,1909,Prémices Rosé 2023
1910,1910,Vieilles Vignes Grenache 2023
1911,1911,Gamay Rosé 2023
1912,1912,Bordeaux Rouge 2020
1913,1913,Colombard - Ugni Blanc 2023
1914,1914,Côtes du Roussillon Rouge 2023
1915,1915,Bordeaux Rouge 2020
1916,1916,Prémices Muscat Sec 2023
1917,1917,Millesimé Rouge 2023
1918,1918,Rouge 2022
1919,1919,Prémices Chardonnay 2023
1920,1920,Bordeaux Blanc 2023
1921,1921,Sauvignon 2023
1922,1922,Esprit de Sérame Chardonnay 2015
1923,1923,Graves Rouge 2014
1924,1924,Sauvignon Bordeaux 2021
1925,1925,Le Cirque Rosé 2023
1926,1926,Le Cirque Rouge 2021
1927,1927,Le Cirque Grenache Gris 2023
1928,1928,Les Grains Pinot Noir Cuvée Rare 2017
1929,1929,Cuvée des Abeilles Bordeaux 2018
1930,1930,Les Grains Chardonnay 2018
1931,1931,Entre-deux-Mers 2023
1932,1932,Bordeaux 2020
1933,1933,Koudiat Côtes-du-Rhône 2021
1934,1934,Grand Gris 2023
1935,1935,Malis Rouge 2022
1936,1936,Côtes du Rhône Blanc 2009
1937,1937,No. 6 Rosé 2023
1938,1938,Rouge 2022
1939,1939,Terre d'Ocres Blanc 2010
1940,1940,No. 3 Colombard - Sauvignon 2023
1941,1941,Côtes du Rhône Blanc 2013
1942,1942,Merlot 2020
1943,1943,Syrah 2022
1944,1944,No. 7 Tannat - Merlot 2023
1945,1945,Syrah 2023
1946,1946,Squerda Côtes du Roussillon Villages 'Lesquerde' 2023
1947,1947,Private Gallery Chardonnay - Viognier 2017
1948,1948,No. 1 Sauvignon - Gros Manseng 2023
1949,1949,Pigmentum Ugni Blanc - Colombard 2015
1950,1950,Beau Mayne Sauvignon Blanc Bordeaux 2014
1951,1951,Les Cardounettes Blanc 2018
1952,1952,Côtes De Gascogne Classic 2022
1953,1953,Fronsac 2016
1954,1954,Viognier 2020
1955,1955,Blaye - Côtes de Bordeaux 2012
1956,1956,Rosé 2023
1957,1957,Bordeaux Supérieur 2021
1958,1958,Côtes de Bourg 2017
1959,1959,Côtes de Bourg 2020
1960,1960,Côtes de Bourg 2019
1961,1961,Bergerac Sec 2016
1962,1962,Côtes de Bourg 2018
1963,1963,Court Métrage Rouge 2022
1964,1964,La Gravette des Lucques Bordeaux Supérieur 2019
1965,1965,Bordeaux 2022
1966,1966,Harmonie de Gascogne Rouge 2023
1967,1967,Harmonie De Gascogne Rosé 2023
1968,1968,Le Blanc Côtes de Bourg 2023
1969,1969,Bordeaux Supérieur 2020
1970,1970,Bordeaux Clairet 2023
1971,1971,Les Meridiennes Rouge 2020
1972,1972,Cuvée des Chartreux Belle Emilie Rouge 2023
1973,1973,Le Chant du Merle Merlot 2023
1974,1974,CAB Grand Prébos Cabernet Sauvignon 2022
1975,1975,Cuvée des Chartreux Belle Emilie Blanc 2023
1976,1976,Autrement Chardonnay 2022
1977,1977,Autrement Merlot 2021
1978,1978,Le B par Maucaillou Blanc 2021
1979,1979,Pays d'OC 6ème Sens Rosè 2022
1980,1980,Cuve No. 5 2022
1981,1981,Sauvignon Blanc 2023
1982,1982,Crazy Blanc 2023
1983,1983,Gris de Gris Premium Rosè 2022
1984,1984,Grenache - Syrah Rosé 2023
1985,1985,Tiberius Blanc 2023
1986,1986,Naturae Cabernet Sauvignon 2022
1987,1987,Autrement Sauvignon Blanc 2022
1988,1988,Graves Blanc 2018
1989,1989,Grande Reserve Merlot - Cabernet 2023
1990,1990,No. 3 Colombard - Sauvignon 2021
1991,1991,Autrement Grenache Rosé 2022
1992,1992,Autrement Syrah Rosé 2022
1993,1993,Naturae Syrah Rosé 2023
1994,1994,Cuvée Réserve Blaye - Côtes de Bordeaux 2018
1995,1995,Revelations d'Hubert de Bouard Château Boutillot Bordeaux 2021
1996,1996,6ème Sens Rouge 2022
1997,1997,Gros Manseng Moelleux 2023
1998,1998,Autrement Cabernet Sauvignon 2022
1999,1999,Naturae Chardonnay 2023
2000,2000,Merlot 2023
2001,2001,Tiberius Rouge 2023
2002,2002,Le B par Maucaillou Blanc 2022
2003,2003,Pays d'Oc 6ème Sens White 2022
2004,2004,Cap Au Sud Chardonnay - Vermentino 2023
2005,2005,Naturae Syrah 2022
2006,2006,Naturae Merlot 2022
2007,2007,Cuvée Tibérius Rosé 2023
2008,2008,Bordeaux Blanc (Sauvignon - Sémillon - Muscadelle) 2021
2009,2009,Sauvignon Blanc 2022
2010,2010,Grande Reserve Chardonnay 2023
2011,2011,Le Petit Pont Réserve Blanc 2023
2012,2012,Rosé 2023
2013,2013,Cépage Libre Rouge 2022
2014,2014,Le P'tit Coup Blanc 2023
2015,2015,Blanc 2022
2016,2016,Entre-Deux-Mers 2021
2017,2017,Péché Coquin Rosé 2023
2018,2018,Le P'tit Coup Rouge 2022
2019,2019,La Réserve Bordeaux Supérieur 2021
2020,2020,Vallée des Rois Gamay Touraine 2023
2021,2021,Côtes-du-Rhône Rouge 2023
2022,2022,Viognier 2022
2023,2023,Mourvèdre 2021
2024,2024,Fronton Rosé 2022
2025,2025,Saumur Champigny 2023
2026,2026,Le B de Maucaillou 2020
2027,2027,No. 3 Colombard - Sauvignon 2022
2028,2028,Fruitée Tradition Clairette de Die N.V.
2029,2029,No. 7 Tannat - Merlot 2021
2030,2030,Vaucluse 2023
2031,2031,Marius Vermentino 2022
2032,2032,Capella 2014
2033,2033,Terre d'Ocres Rouge 2010
2034,2034,Chardonnay 2023
2035,2035,Côtes du Rhône Blanc 2017
2036,2036,Les Camines Blanc 2023
2037,2037,Flying Solo Grenache - Syrah 2023
2038,2038,Les Camines Rosé 2023
2039,2039,Les Camines Rouge 2022
2040,2040,Aromatic Sauvignon Blanc 2023
2041,2041,Bordeaux Merlot - Cabernet Sauvignon 2020
2042,2042,Pigmentum Sauvignon Blanc 2021
2043,2043,Aromatic Merlot 2023
2044,2044,Flying Solo Grenache Blanc - Viognier 2023
2045,2045,Bordeaux Rouge 2019
2046,2046,Flying Solo Grenache - Syrah 2022
2047,2047,Aromatic Grenache Rosé 2023
2048,2048,Côtes De Gascogne Rosé De Pressée 2023
2049,2049,Sauvignon - Chardonnay 2022
2050,2050,Syrah - Merlot 2023
2051,2051,Baby del Rey 2021
2052,2052,Roséfine 2023
2053,2053,Andecavum Rúbéus 2020
2054,2054,Marius Rosé d'Oc 2021
2055,2055,Rouge Tauride 2023
2056,2056,Merlot 2023
2057,2057,Nova Ona Rosé 2023
2058,2058,Nova Ona Rouge 2022
2059,2059,Nova Ona Blanc 2023
2060,2060,Pinot Noir 2023
2061,2061,Bordeaux 2022
2062,2062,Ninet de Péna Rouge 2023
2063,2063,Nova Ona Rouge 2023
2064,2064,Grenache Rouge 2023
2065,2065,Villa d'Oriola Les Terrasses Rouge 2022
2066,2066,Ninet de Péna Blanc 2023
2067,2067,BYO No. 21 Organic Blanc Sec 2022
2068,2068,Merlot 2019
2069,2069,Sang Mêlé 2022
2070,2070,Vieilles Vignes Beaujolais Nouveau 2024
2071,2071,Côtes-du-Rhône 2017
2072,2072,Justin Côtes Catalanes 2023
2073,2073,Clarisse Côtes Catalanes 2023
2074,2074,G.S.M 2021
2075,2075,Merlot 2022
2076,2076,Chardonnay 2023
2077,2077,Marselan Edition Solo 2021
2078,2078,Syrah 2022
2079,2079,Syrah 2023
2080,2080,Naturae Minervois Sans Sulfites Ajoutés 2022
2081,2081,Naturae Muscat Sec Sans Sulfites Ajoutés 2022
2082,2082,Entre-deux-Mers 2022
2083,2083,Beaujolais Villages Rouge 2016
2084,2084,Bordeaux Supérieur 2019
2085,2085,L'Été Gascon Blanc 2023
2086,2086,Autrement Corbières 2021
2087,2087,Aliénor Côtes de Bordeaux Rouge 2019
2088,2088,Autrement Languedoc 2021
2089,2089,Naturae Corbières 2023
2090,2090,Tradition Rouge 2018
2091,2091,Castillon - Côtes de Bordeaux 2020
2092,2092,Côtes du Rhône 2020
2093,2093,Verso Bordeaux 2021
2094,2094,Colombard - Sauvignon (Côtes Sauvage) 2022
2095,2095,Côt Côt Côt Malbec 2023
2096,2096,Buddy Chardonnay 2021
2097,2097,Zangre Blanc 2023
2098,2098,Chardonnay Alcohol Free N.V.
2099,2099,Cotes de Gascogne 2020
2100,2100,Livazur Rosé 2023
2101,2101,La Demoiselle Damanieu Bordeaux 2023
2102,2102,Rouge Osé 2023
2103,2103,Classique Luberon 2019
2104,2104,Terres Blanches Côtes de Gascogne 2021
2105,2105,L'Initial Bordeaux 2020
2106,2106,La Petite Perrière Sauvignon Blanc 2023
2107,2107,Le B de Maucaillou 2016
2108,2108,Château Puy Longa Bordeaux 2020
2109,2109,Cuvée P Cabernet Franc - Merlot 2020
2110,2110,Cabardès Rosé 2023
2111,2111,Demain...! Syrah 2022
2112,2112,Gros Manseng Moelleux 2022
2113,2113,Le Clandestin Sauvignon 2023
2114,2114,Le Vieux Pressoir Muscadet-Sèvre et Maine Sur Lie 2023
2115,2115,La 4ème Corbières 2022
2116,2116,Zangre Rouge 2022
2117,2117,Bagatelle 2016
2118,2118,Best Bordeaux Quality 2015
2119,2119,Recto Bordeaux 2020
2120,2120,La Petite Perrière Pinot Noir Rosé 2023
2121,2121,Rosé d'Anjou 2022
2122,2122,Cuvée Tradition Rouge 2016
2123,2123,Harmonie de Gascogne Rouge 2021
2124,2124,Zangre Rosé 2023
2125,2125,La Petite Perrière Pinot Noir 2023
2126,2126,Bordeaux 2017
2127,2127,Sauvignon 2021
2128,2128,Cuvée des Chartreux Belle Emilie Rosé 2023
2129,2129,ZO'OC Sauvignon 2023
2130,2130,Cuvée Prestige Rouge 2022
2131,2131,Côtes du Rhône 2023
2132,2132,ZO'OC Grenache - Syrah 2023
2133,2133,Rosé 2023
2134,2134,Parallèle 45 Côtes du Rhône Rouge Bio 2022
2135,2135,Castillon - Côtes de Bordeaux 2019
2136,2136,Le Fiston Terres du Midi 2021
2137,2137,Vieille Mule Rouge 2022
2138,2138,Corbières Blanc 2023
2139,2139,Graves Blanc 2012
2140,2140,Collection Grenache 2021
2141,2141,Bordeaux Blanc 2022
2142,2142,Elise Côtes Catalanes 2023
2143,2143,Domaine Casanova Rouge 2017
2144,2144,Carignan 2022
2145,2145,Les Grains Viognier 2023
2146,2146,Cabernet Sauvignon 2022
2147,2147,Brummell Rosé N.V.
2148,2148,Tradition Blaye Côtes de Bordeaux 2018
2149,2149,Mas La Borde Fitou 2023
2150,2150,Vermentino Edition Solo 2022
2151,2151,Gris de Gris 2023
2152,2152,Merlot 2023
2153,2153,Ecceterra Rouge 2023
2154,2154,Les Grappes Côtes de Gascogne 2022
2155,2155,Côtes du Rhône Rouge 2021
2156,2156,Calamiac Terroir Minervois 2018
2157,2157,Harmonie de Gascogne Blanc 2023
2158,2158,Sauvignon 2022
2159,2159,Viognier 2023
2160,2160,Marius Grenache - Syrah 2023
2161,2161,Les Jus Côtes de Gascogne 2022
2162,2162,Mumu-Chardonnay 2023
2163,2163,Saumur Premium Dry 2022
2164,2164,Saumur Premium Dry 2021
2165,2165,Côtes du Ventoux Les Traverses Rouge 2022
2166,2166,Le Bécassou 2023
2167,2167,Merlot 2021
2168,2168,Sauvignon 2022
2169,2169,Le Fou de Malijay Rosé 2022
2170,2170,Bordeaux 2022
2171,2171,Ecceterra Blanco 2023
2172,2172,L'Eté Gascon Rosé 2023
2173,2173,Vieille Mule Blanc 2023
2174,2174,Les Crêtes Pézenas Coteaux du Languedoc 2021
2175,2175,Bordeaux Supérieur 2018
2176,2176,Muscadet De Sevre Et Maine Sur Lie 2023
2177,2177,Melon B. 2022
2178,2178,Rosé 2023
2179,2179,Le Petit Courselle Les Copins Rouge 2023
2180,2180,Le Fiston Terres du Midi 2023
2181,2181,Bordeaux Blanc 2022
2182,2182,Sous le Charme 2021
2183,2183,Les Pipelettes Le Rouge 2022
2184,2184,3001 Macabeu - Grenache Gris 2023
2185,2185,Folle B. 2023
2186,2186,Insolent Blanc 2023
2187,2187,Cuvée des Peintres Collioure Rosé 2022
2188,2188,Ventoux 'Les Sables' 2021
2189,2189,Le Romarin Viognier 2023
2190,2190,Le Petit Courselle Les Copinnes Blanc 2023
2191,2191,Chardonnay 2021
2192,2192,Chardonnay de Pennautier 2021
2193,2193,Le Petit Innocent 2023
2194,2194,Rouge 2021
2195,2195,Syrah 2020
2196,2196,Tinto 2023
2197,2197,Ventoux Rosé 2023
2198,2198,Le Petit Courselle Les Copinnes Blanc 2022
2199,2199,Sinequano 2021
2200,2200,Chardonnay 2022
2201,2201,Roussanne 2023
2202,2202,Gris de Gris 2023
2203,2203,Côtes de Bourg Rouge 2020
2204,2204,Le Chapitre Pinot Gris 2022
2205,2205,Les Parcelles Chardonnay 2023
2206,2206,Élégance Blanc 2022
2207,2207,Rouge du Soir 2021
2208,2208,Bordeaux (Merlot - Cabernet Sauvignon) 2018
2209,2209,Brummell Blanc de Blancs N.V.
2210,2210,Pinot Noir 2023
2211,2211,Les Vignes de Bila-Haut Côtes du Roussillon Blanc 2023
2212,2212,Côtes de Bourg 2019
2213,2213,Côtes-du-Rhône 2022
2214,2214,Cinsault 2023
2215,2215,Les Sardines Catalanes Rouge 2022
2216,2216,S Syrah 2022
2217,2217,L’Ironda Bordeaux 2022
2218,2218,Côtes du Rhône 2022
2219,2219,Les Prunelles de Montblanc Classique Rouge 2021
2220,2220,Classique Luberon Rosé 2023
2221,2221,S de Rambaud Bordeaux 2022
2222,2222,Bergerac Rosé 2021
2223,2223,Côtes du Rhône Rosé 2023
2224,2224,Cuvée Charlet Graves 2018
2225,2225,Cuvée Charlet Graves 2018
2226,2226,Les Balmettes Blanc 2023
2227,2227,L'Usufruit Clos du Notaire 2021
2228,2228,Voltige Gaillac 2016
2229,2229,No 4 Côtes de Gascogne Gros - Petit Manseng 2023
2230,2230,Côtes du Rhône Les Vignes Sauvages 2020
2231,2231,V Viognier 2023
2232,2232,Graves Blanc 2023
2233,2233,Bordeaux rouge 2019
2234,2234,Baby del Rey 2022
2235,2235,Les Petites Demoiselles Rosé 2023
2236,2236,Tamarius 2022
2237,2237,Terres Blanches Côtes de Gascogne 2022
2238,2238,Marius Grenache - Syrah 2022
2239,2239,Bordeaux 2020
2240,2240,Rouge 2020
2241,2241,Philippe 2020
2242,2242,Viognier 2023
2243,2243,Les Griottes Valençay 2023
2244,2244,Bordeaux 2018
2245,2245,Bordeaux Rouge 2014
2246,2246,Grande Réserve Bio Côtes-du-Rhône-Villages 'Visan' 2017
2247,2247,Sylvaner Alsace 2011
2248,2248,Chardonnay 2023
2249,2249,Domaine des Vignes Longues Ventoux 2017
2250,2250,Quidam Bordeaux Superieur 2018
2251,2251,Cuvée des Galets Côtes du Rhône 2022
2252,2252,L’Instant Grande Courtade Sauvignon Blanc 2023
2253,2253,Sylvaner Alsace 2010
2254,2254,No. 1 Sauvignon Blanc 2015
2255,2255,Pigmentum Merlot - Malbec 2018
2256,2256,Côtes-du-Rhône Rouge 2021
2257,2257,La Dame de L'Hospital Graves 2020
2258,2258,Caramany Kar Magna Roussillon Villages 2022
2259,2259,Chardonnay 2021
2260,2260,Carrelet d'Estuaire Confidences Rosé 2023
2261,2261,Cuvée P Semillon - Vermentino 2020
2262,2262,Le Bordeaux Blanc 2018
2263,2263,Viognier 2022
2264,2264,Je donne ma Langue au Chat 2023
2265,2265,Chevalier d'Anthelme Côtes du Rhône Rouge 2023
2266,2266,Chamasûtra Unlimited Love 2023
2267,2267,Mondière Corbières 2022
2268,2268,La Nuit Tous les Chats Sont Gris 2023
2269,2269,Sauvignon Blanc Bordeaux 2014
2270,2270,Grenache Gris 2022
2271,2271,Pinot Gris 2022
2272,2272,Le Cul de Lampe Merlot  - Counoise 2022
2273,2273,Bordeaux Blanc 2019
2274,2274,Bordeaux Rosé 2023
2275,2275,Côtes du Rhône Rouge 2021
2276,2276,La Belle Étoile Blanc 2023
2277,2277,Malbec 2022
2278,2278,Le Blanc d’Eulalie Sauvignon 2023
2279,2279,L'Usufruit Clos du Notaire 2022
2280,2280,Pinot Gris 2023
2281,2281,Bordeaux Château Haut-Fourat 2019
2282,2282,Bordeaux 2020
2283,2283,Sauvignon 2023
2284,2284,Riesling 2010
2285,2285,Terra Sana Pays D'Oc  Rosé 2018
2286,2286,Terra Sana  Sauvignon Blanc Côtes de Gascogne 2018
2287,2287,No. 1 2020
2288,2288,Le Fiston Terres du Midi 2020
2289,2289,Chèvrefeuille Valençay 2023
2290,2290,Bordeaux Supérieur 2020
2291,2291,Muscat Sec 2022
2292,2292,Les Cistes Rosé 2023
2293,2293,Reserve Bordeaux Blanc 2023
2294,2294,Côtes-du-Rhône Blanc 2023
2295,2295,Languedoc 2020
2296,2296,Closi Le Petit Rosé 2023
2297,2297,A de Château Contier Bordeaux 2022
2298,2298,Chardonnay 2022
2299,2299,Tout Adichats 2022
2300,2300,Les Cistes Blanc 2023
2301,2301,Pinot Noir 2023
2302,2302,Chardonnay 2022
2303,2303,Le Petit Closi 2023
2304,2304,Naturae Orange 2022
2305,2305,Le Petit Closi 2023
2306,2306,Bordeaux Rosé 2023
2307,2307,Closi Le Petit Muscat Sec 2023
2308,2308,Atypique 2023
2309,2309,Signature Blanc 2023
2310,2310,Entre-deux-Mers 2023
2311,2311,Bordeaux Rouge 2018
2312,2312,Bordeaux Rouge 2014
2313,2313,Vendredi 2022
2314,2314,Bordeaux Blanc 2023
2315,2315,Domaine des Vals Blanc 2023
2316,2316,Domaine des Vals Rouge 2022
2317,2317,Bordeaux 2019
2318,2318,Secret de Famille Syrah 2018
2319,2319,Guilhem Blanc 2023
2320,2320,Guilhem Rouge 2023
2321,2321,Château Ballan-Larquette Bordeaux Blanc 2020
2322,2322,Rouge 2019
2323,2323,Cuvée Passion Rouge 2018
2324,2324,Château Ballan-Larquette Bordeaux Rosé 2022
2325,2325,Gamay 2022
2326,2326,Côtes-du-Rhône RS Rouge 2022
2327,2327,Terra 2020
2328,2328,Petit Bonheur Rosé 2023
2329,2329,Côtes du Rhône RS Rosé 2022
2330,2330,Côtes-du-Rhône RS Blanc 2023
2331,2331,Le Maset de Lumet Haute Vallee de l'Aude Blanc 2022
2332,2332,Chardonnay 2023
2333,2333,La Matine Rouge 2022
2334,2334,L'Apprentie Sorcières Côtes Catalanes Rosé 2023
2335,2335,Bordeaux Sec 2023
2336,2336,Revelations d'Hubert de Bouard Château Dorleac Graves 2018
2337,2337,Côtes de Bourg Graines Blanches 2019
2338,2338,Tutti Frutti 2023
2339,2339,K Ré Rouge 2022
2340,2340,Grenache - Syrah Rosé 2023
2341,2341,Mas Latour Lavail Argila Viognier 2023
2342,2342,Ocres du Ventoux 2018
2343,2343,Carrelet d'Estuaire Confidences Blanc 2022
2344,2344,Le Maset de Lumet Haute Vallee de l'Aude Blanc 2023
2345,2345,L'Avi est Belle Blanc 2023
2346,2346,Cuvée Expression Costières de Nîmes Blanc 2023
2347,2347,L'Impertinent Bordeaux Rouge 2020
2348,2348,Cuvée Jules Corbieres 2023
2349,2349,Cabernet d'Anjou 2023
2350,2350,Picpoul de Pinet 2023
2351,2351,Ampelomeryx Rouge 2022
2352,2352,Mar Blanc 2023
2353,2353,Les Tours de Beaumont Haut-Médoc 2014
2354,2354,Le Maset de Lumet Haute Vallee de l'Aude Rouge 2020
2355,2355,L'Arsouille Cinsault et Syrah 2022
2356,2356,Cuvée Expression Costières de Nîmes Rouge 2023
2357,2357,Bordeaux Supérieur 2022
2358,2358,Tango Pour Hélène Saint-Chinian 2022
2359,2359,Tram Rosé 2023
2360,2360,Val de Montferrand Saint-Guilhem-le-Désert Rouge 2021
2361,2361,Les Villas Villa Côte d'Argent 2022
2362,2362,Picpoul de Pinet 2022
2363,2363,Cuvée Expression Costières de Nîmes Rosé 2023
2364,2364,Grenache - Merlot Rosé 2023
2365,2365,Côtes de Bourg 2020
2366,2366,Reflets Secrets Rosé 2023
2367,2367,Carrelet d'Estuaire Confidences Blanc 2023
2368,2368,Sacré Numéro Rouge 2022
2369,2369,Crazy Bulles 2022
2370,2370,Pinot Noir 2023
2371,2371,Les Vignes de Bila-Haut Côtes du Roussillon Villages 2022
2372,2372,Guilhem Rosé 2023
2373,2373,Sauvignon Blanc 2023
2374,2374,Les Villas Villa la Vie en Rose 2023
2375,2375,Les Villas Villa Plage Blanche 2023
2376,2376,Grande Toque Rouge 2020
2377,2377,Tradition Saint-Nicolas-de-Bourgueil 2023
2378,2378,Bordeaux 2019
2379,2379,Amountanage Rouge 2021
2380,2380,Munt Rouge 2023
2381,2381,Syrah 2023
2382,2382,Chardonnay - Gros Manseng (Terre de Feu) 2022
2383,2383,C'est Trop 2023
2384,2384,Mourvèdre 2022
2385,2385,Syrah 2022
2386,2386,Viognier 2023
2387,2387,Georges Perrot Clairmentino 2023
2388,2388,Cuvée P Malbec - Petit Verdot 2021
2389,2389,Les Villas Villa des Causses Malbec 2022
2390,2390,Côtes du Rhône 2021
2391,2391,Ampeloméryx Blanc 2022
2392,2392,Vermentino 2023
2393,2393,Est-Ouest Côtes du Rhône 2022
2394,2394,Horizon Méditerranée 2023
2395,2395,Cuvée Particulière Riesling 2023
2396,2396,Côtes du Rhône Réserve Blanc 2023
2397,2397,Chenin - Chardonnay Côtes De Gascogne 2023
2398,2398,Côtes-du-Rhône Réserve Rouge 2022
2399,2399,Rosé Garcia Bio 2023
2400,2400,L'Originelle Rosé 2023
2401,2401,Triniti Sainte-Victoire 2019
2402,2402,L'Aube Nacrée 2023
2403,2403,Les Vignes de Jo 2022
2404,2404,Oustal Rouge 2022
2405,2405,Domaine du Grand Becassier Côtes du Rhône 2022
2406,2406,Château Chaumes Daubet Bordeaux 2020
2407,2407,Entre-Deux-Mers Blanc 2023
2408,2408,Beaujolais-Villages 2019
2409,2409,Oustal Blanc 2022
2410,2410,Bordeaux Supérieur 2021
2411,2411,L'Instant Rosè 2023
2412,2412,Les Darons Rouge 2022
2413,2413,La Pause Rosé 2022
2414,2414,Voltige Gaillac 2021
2415,2415,Les 100 Pas du Berger Viognier 2016
2416,2416,Château Tour de Boisset Bordeaux Supérieur Biologique 2016
2417,2417,Château les Hauts de Veyrin Listrac-Médoc 2016
2418,2418,Minimalist Syrah - Grenache 2022
2419,2419,Sauvignon Touraine 2023
2420,2420,Sylvaner 2022
2421,2421,Viognier Secret de Famille 2023
2422,2422,Pur Rouge 2022
2423,2423,Costières-de-Nîmes 2023
2424,2424,Rosé 2020
2425,2425,L’aimé Chai 2019
2426,2426,Terres Blanches Côtes de Gascogne 2023
2427,2427,Cabernet Franc 2022
2428,2428,Abbaye des Templiers Muscadet Sèvre Maine Sur Lie 2023
2429,2429,Auguste Chenin Blanc 2023
2430,2430,Misunderstood Cinsault 2018
2431,2431,Côtes de Gascogne Réserve 2021
2432,2432,Minimalist Syrah - Grenache 2023
2433,2433,Cuvée Nana Blanc 2023
2434,2434,Anna Chenin Blanc 2023
2435,2435,La Marina Cuvée Colaris 2023
2436,2436,Les Amandiers Chardonnay 2023
2437,2437,La Grange des Merveilles Sauvignon 2023
2438,2438,Cent Pour Cent Grenache 2023
2439,2439,Rose Pivoine 2022
2440,2440,Le Pigeonnier Costières-de-Nîmes Rouge 2022
2441,2441,Grenachiste 2022
2442,2442,Côtes de Thau Cabernet Sauvignon 2021
2443,2443,Gros Manseng 2021
2444,2444,Collection Viognier 2022
2445,2445,L'Orange 2023
2446,2446,La Java des Esperances Blanc 2023
2447,2447,Imprévu Riesling - Ugni Blanc 2022
2448,2448,La Java des Esperances Rouge 2023
2449,2449,La Vie en Rosé 2023
2450,2450,Le Demi-Boeuf Muscadet-Côtes de Grandlieu Sur Lie 2022
2451,2451,Retour aux Sources Rosé 2023
2452,2452,Les Griottes Beaujolais Rouge 2023
2453,2453,Côtes-du-Rhône Rouge 2018
2454,2454,L'effet Papillon 2023
2455,2455,Le Casot Côtes du Roussillon Villages 2021
2456,2456,Harmonie 2017
2457,2457,La Java des Esperances Cabernet Franc Rosé 2023
2458,2458,Bordeaux Rouge 2017
2459,2459,Corbières 2022
2460,2460,Rosé 2023
2461,2461,Tradition Anjou-Villages 2017
2462,2462,Bordeaux Rouge 2016
2463,2463,Solar 6 Chardonnay 2022
2464,2464,Tradition Côtes du Roussillon Blanc 2022
2465,2465,Galia Côtes du Rhône 2022
2466,2466,Gewürztraminer 2023
2467,2467,Chevalier d'Anthelme Côtes du Rhône Rosé 2019
2468,2468,Sensation 2021
2469,2469,Entre-deux-Mers 2021
2470,2470,Solar 6 Sauvignon Biologique 2022
2471,2471,5 Sens Rosé 2023
2472,2472,Marsanne 2023
2473,2473,Vin de Pays de Vaucluse 2022
2474,2474,Sauvignon 2023
2475,2475,Pinot Noir  Les Vignes d'Heloise Rosé 2023
2476,2476,Blanc 2022
2477,2477,Le B de Maucaillou 2021
2478,2478,La Beliérè Bordeaux Rouge 2022
2479,2479,Chardonnay 2021
2480,2480,Côtes du Rhône Réserve Blanc 2022
2481,2481,Saint-Geniès Petit Verdot 2022
2482,2482,Coteaux d'Aix-en-Provence Rosé 2023
2483,2483,Cabernet Franc 2017
2484,2484,Le Clos des Pins Graves 2022
2485,2485,Blaye - Côtes de Bordeaux L'Envol 2019
2486,2486,Famae 2023
2487,2487,Cent Pour Cent Syrah 2023
2488,2488,Jean Gamay Noir 2021
2489,2489,Sauvignon Blanc 2022
2490,2490,Corbières 2023
2491,2491,Pinot Noir 2022
2492,2492,Côtes de Provence 2021
2493,2493,Jardins Secrets Haute Culture 2021
2494,2494,Galia Côtes du Rhône 2021
2495,2495,Haut-Médoc 2018
2496,2496,Sauvignon Blanc 2023
2497,2497,Côtes de Provence Rosé 2023
2498,2498,Chardonnay 2022
2499,2499,Bordeaux Blanc 2021
