Winery,Wine,Rating,num_reviews,Price,Country
Vinicola de Castilla,Palacio del Marques,3.5,58,2.0,
Calabuig,Tinto,3.5,2226,2.85,
Finca Vieja,Crianza,3.2,912,2.9,
Finca Venta de Don Quijote,Red Blend,3.0,63,2.96,
Castillo de Liria,Bobal - Shiraz,3.3,137,3.1,
Las Campanas,Selección Especial,3.7,185,3.25,
Dominio de Eguren,Protocolo Tinto,3.5,52,3.44,
J. Fernando,Barrica 6 Meses Tempranillo,3.6,53,3.47,
Schenk Spanish Wineries,Vega Libre Tinto,3.0,3320,3.5,
Canforrales,Clásico Tempranillo,3.5,1277,3.5,
Valcarlos,Fortius Roble,3.4,59,3.55,
Dominio de Eguren,Protocolo Tinto,3.6,245,3.69,
Volver,Espeto Tinto,3.5,32,3.7,
Osborne,Solaz Tempranillo,3.6,35,3.75,
Marqués de Griñon,Tinto,3.2,128,3.81,
Calabuig,Tinto,3.7,435,3.85,
Ceremonia,Bobal Premium Varietal,3.3,440,3.89,
Puerto Alicante,Monastrell Selección,3.3,123,3.89,
Puerto Alicante,Monastrell Selección,3.3,123,3.89,
Don Frutos,Tinto,3.0,39,3.9,
Empordàlia,Verdera Negre,3.1,938,3.9,
Bodega Pirineos,Colección Monovarietal Montesierra Garnacha,3.6,49,3.9,
Volver,Espeto Tinto,3.5,32,3.9,
Nuviana,Tinto,3.0,95,3.95,
Hoya de Cadenas,Shiraz Crianza,3.4,519,3.99,
Hoya de Cadenas,Merlot,3.2,275,3.99,
J. Fernando,Barrica 12 Meses Tempranillo,3.7,123,3.99,
Hoya de Cadenas,Cabernet Sauvignon Crianza,3.4,2032,3.99,
Ramón Roqueta,Synera Tinto,3.0,1792,4.0,
El Circo,Acróbata Garnacha,3.4,4030,4.0,
El Circo,Contorsionista Cabernet Sauvignon,3.3,1118,4.0,
Bodega Sommos,Glárima Merlot - Tempranillo,3.5,47,4.05,
Osborne,Solaz Tempranillo - Cabernet Sauvignon,3.7,225,4.05,
Félix Solís,Casa Albali Tempranillo - Shiraz,3.6,117,4.1,
Bodegas Ayuso,Estola Crianza,3.5,50,4.11,
Hoya de Cadenas,Reserva Tempranillo,3.5,464,4.15,
Bodegas Faustino,VII Tempranillo,3.6,962,4.15,
Félix Solís,Viña Albali Reserva,3.6,758,4.18,
Bodegas Estéban Martín,Vinem Garnacha - Syrah,3.3,2258,4.2,
Bodegas Aragonesas,Coto de Hayas Tempranillo - Cabernet Sauvignon Roble,3.6,71,4.2,
Falset Marçà,Imus Selection,3.4,143,4.22,
Mesta,Tempranillo Selección,3.3,91,4.25,
San Valero,Origium Roble,3.5,3419,4.25,
Cellers Domenys,Capvespre Origen Negre,3.3,61,4.25,
Félix Solís,Casa Albali Crianza,3.5,54,4.25,
Bodegas Vallobera,Crianza Rioja,3.6,628,4.26,
Berceo,Tempranillo,3.5,190,4.28,
Garriguella,Dinarells Tinto,3.2,570,4.3,
Finca Constancia,Altozano Tempranillo,3.7,98,4.3,
Alsina & Sarda,Vi de Terrer Onom,3.4,32,4.3,
Bach,Viña Extrísima Tinto,3.4,74,4.4,
Campo Viejo,Tempranillo,3.7,3576,4.4,
Poesia,Criança,3.1,363,4.4,
Poesia,Criança,3.1,363,4.4,
Bodegas Aragonesas,Coto de Hayas Garnacha - Syrah,3.3,1909,4.4,
Bodegas Faustino,VII Cabernet Sauvignon,3.6,296,4.4,
El Aviador,Tempranillo,3.4,2499,4.4,
Pillet,Negre,2.4,51,4.42,
Azabache,Tunante de Azabache Tempranillo,3.6,89,4.45,
Rigau Ros,Criança,3.7,55,4.45,
Condesa de Leganza,Tempranillo,3.6,121,4.46,
Canforrales,Nature Syrah - Tempranillo,3.5,370,4.48,
Raiza,Altos de Raiza,3.5,1493,4.49,
Cellers Tarroné,Mas Tarroné Negre,3.0,651,4.49,
Murviedro,Colección Tempranillo,3.6,338,4.49,
Federico Paternina,Banda Azul Crianza,3.6,1116,4.49,
Malamigo,El Rebelde Red Blend,3.7,37,4.49,
The Freaky Wines,Tempranillo,3.4,2916,4.49,
Ca N'Estella,Clot Dels Oms Petit Tinto,3.4,32,4.5,
Poesia,Garnacha Negra,3.2,73,4.5,
Cellers Tarroné,Sisquera Tinto,3.3,903,4.5,
Bodegas Aragonesas,Solo Syrah Tirio,3.5,1774,4.5,
Poesia,Garnacha Negra,3.2,73,4.5,
Bodegas Yuntero,Tempranillo - Syrah,3.2,289,4.5,
Pagos del Rey,Sentero Tinta de Toro Joven,3.7,110,4.5,
Vina Herminia,Rioja Preferido,3.1,160,4.5,
Domeco de Jarauta,Viña Marro,3.7,707,4.5,
Las Campanas,Crianza,3.5,30,4.51,
Garriguella,Llepafils Negre,3.1,39,4.54,
Covila,II Tinto,3.1,184,4.55,
Volver,Madame Monastrell,3.7,121,4.55,
Murviedro,Colección Bobal Roble,3.7,708,4.55,
Séptimo Sentido,Tempranillo,3.5,3873,4.6,
Finca Venta de Don Quijote,Tango Rojo Syrah,3.2,159,4.6,
Pagos de Aráiz,Navarra Tinto Roble,3.6,2058,4.6,
Poesia,Criança,3.1,363,4.6,
Celler Batea,Torre del Moro Criança Tinto,3.5,194,4.67,
Infinitus,Syrah,3.1,916,4.7,
Don Diego Escolano,Gran Reserva,3.4,97,4.73,
Oliveda,Masia Oliveda Negre Jove,3.3,449,4.74,
Bodegas Cosme Palacio,Glorioso  Rioja Crianza,3.9,671,4.75,
Aldeya,Tinto,3.3,529,4.75,
Bodegas Aragonesas,Coto de Hayas Tempranillo - Cabernet Sauvignon Roble,3.4,4178,4.75,
El Aviador,Tempranillo,3.4,2499,4.8,
Poesia,Garnacha Negra,3.2,73,4.8,
Bodegas Fontana,Dominio de Fontana Roble Tempranillo - Syrah,3.6,1607,4.85,
Borsao Bodegas,Joven (Selección),3.3,42,4.85,
Dominio de Eguren,Códice,3.3,270,4.85,
Familia Torres,Sangre de Toro,3.5,61,4.85,
Marqués de Altillo,Tinto,3.3,1483,4.9,
Bodegas Javier San Pedro Ortega,Cueva de Lobos Joven,3.6,552,4.9,
Vinicola de Castilla,Pago Peñuelas,3.3,33,4.9,
Particular,Garnacha,3.7,88,4.9,
Bodegas Aragonesas,Coto de Hayas Tempranillo - Cabernet Sauvignon Roble,3.6,241,4.9,
Familia Torres,Sangre de Toro,3.5,40009,4.9,
Particular,Garnacha,3.6,1960,4.9,
Altiplà Wines,El Destraler Negre,3.4,213,4.9,
Finca La Estacada,Envejecido 6 Meses En Barrica,3.5,2196,4.93,
Toresanas,Orot,3.6,84,4.95,
Tarón,Tempranillo,3.3,750,4.95,
Bodegas Cosme Palacio,Milflores Rioja Tinto,3.5,125,4.95,
Cellar Vins Algars,Organic Tinto,3.6,81,4.95,
Miedes,Crianza,3.5,215,4.95,
Bodegas Príncipe de Viana,Colección Monovarietales Syrah Roble,3.3,1494,4.95,
Azabache,Crianza,3.2,72,4.95,
Monte Ory,Crianza,3.5,214,4.95,
Marqués de Altillo,Tinto,3.3,1483,4.95,
Viñas del Vero,Roble Cabernet Sauvignon - Merlot Somontano,3.5,37,4.96,
Oliveda,Marrec Tinto,3.3,457,4.99,
Hoya de Cadenas,Reserva Privada,3.5,3304,4.99,
Félix Solís,The Guv’nor,4.0,22508,4.99,
Bodegas Piqueras,Castillo de Almansa Crianza,3.5,1757,4.99,
Bo,Bobal Único,3.6,3853,4.99,
El Miracle,No. 01,3.5,2456,4.99,
René Barbier,Roble,3.2,26,5.0,
Cellers Unió,Roureda Cabernet Sauvignon,3.0,437,5.0,
Bodega Pirineos,Montesierra Red Blend,3.1,1511,5.0,
Ladrón de Lunas,La oBejita Tinta Roble Bobal,3.3,159,5.0,
El Circo,Director Special Selection Garnacha,3.7,230,5.0,
Bodegas Ayuso,Estola Reserva,3.6,39,5.02,
Laus,Tinto Joven,3.4,1256,5.05,
Bodega Pirineos,3404 Tinto,3.8,194,5.05,
Borsao Bodegas,Selección,3.7,346,5.1,
Arnegui,Tempranillo Rioja,3.6,189,5.1,
Canforrales,Crianza Cabernet Sauvignon,3.6,162,5.12,
Bodegas la Eralta,Hacienda El Olmo Crianza,3.9,151,5.12,
Marques de Tomares,J3,3.7,53,5.12,
Bodegas Lagunilla,Crianza,3.6,50,5.14,
Bodegas Aragonesas,Coto De Hayas Crianza,3.6,58,5.14,
Emendis,Cabró! Negre Selecció,3.3,79,5.15,
Monte Toro,3 Añada Selección,3.4,1885,5.15,
Baltasar Gracián,El Politico Garnacha,3.6,1893,5.17,
Sinforiano,Sinfo Viñas Viejas Tinto Roble,3.5,366,5.2,
Borsao Bodegas,Joven (Selección),3.5,39,5.2,
Pago de Larrea,Cæcus,3.7,225,5.2,
Laudum,Roble Monastrell - Syrah,3.7,30,5.23,
Casa de la Ermita,Roble,3.3,622,5.23,
Azabache,Crianza,3.2,72,5.25,
Infinitus,Cabernet Sauvignon,3.1,437,5.25,
Infinitus,Tempranillo,3.2,671,5.25,
Vista Alegre,Crianza,3.7,49,5.25,
Mureda,Oak Aged Syrah,3.2,58,5.25,
Infinitus,Syrah,3.1,916,5.25,
Viñas del Vero,Somontano Tinto,3.4,34,5.25,
Mureda,Merlot,3.4,256,5.25,
Damalisco,Roble,3.6,249,5.26,
Bodegas Aradon,Tinto,3.5,1524,5.28,
Pío del Ramo,Betola The Cat,3.7,185,5.29,
Carlos Serres,Rioja Tempranillo,3.5,6657,5.3,
Raimat,Clamor Tinto,3.5,304,5.3,
Bodegas Olarra,Otoñal Rioja,3.3,2426,5.3,
Bodegas Ochoa,Calendas Tinto,3.7,25,5.3,
Raimat,Clamor Tinto,3.5,98,5.31,
Volver,Madame Bobalu Bobal,3.7,156,5.32,
Marqués de la Concordia,Rioja Santiago Segundo Año,3.8,624,5.35,
Duc de Foix,Cabernet Sauvignon,3.2,379,5.35,
Félix Solís,Mucho Más Tinto,4.2,84741,5.35,
Viñas del Cénit,Villano,3.5,279,5.35,
Clos Pons,Torracollons Tinto,3.5,176,5.35,
Sociedad Agraria de Viticultores,La Transición Garnacha,3.7,151,5.35,
Gran Feudo,Crianza,3.6,145,5.39,
Clos Montblanc,362 Tempranillo - Cabernet,3.5,148,5.4,
Bodegas Aragonesas,Coto de Hayas Tempranillo - Cabernet Sauvignon Roble,3.6,112,5.4,
Familia Torres,Mas Rabell Tempranillo,3.6,64,5.44,
Torremorón,Tempranillo,3.6,3977,5.44,
Bodegas Vallobera,Tinto Rioja,3.4,42,5.45,
Montemar,Garnacha Tinta,3.8,73,5.45,
Los Hermanos Manzanos,Crianza,3.6,1427,5.47,
Finca La Estacada,Ocho y Medio Tinto Velasco,3.6,772,5.47,
Mas Ramoneda,El Pedrol,2.6,56,5.48,
Señorío de Nava,Ribera del Duero Tinto Joven,3.4,1035,5.48,
Dehesa de Luna,Luna Lunera Tempranillo - Syrah,3.7,359,5.49,
Laudum,XII Plus Monastrell,3.7,43,5.49,
Bodegas Valdemar,Conde de Valdemar Tempranillo,3.6,159,5.49,
Freixenet,Mia Tinto,3.5,45,5.5,
Beso de Vino,Garnacha Viñas Viejas,3.5,341,5.5,
Beso de Vino,Syrah - Garnacha,3.5,2968,5.5,
Beso de Vino,Organic Tempranillo,3.3,468,5.5,
Murviedro,Audentia Syrah,3.7,93,5.5,
Federico Paternina,Banda Azul Crianza,3.5,637,5.5,
Valcarlos,Fortius Crianza,3.7,2204,5.51,
Lan,Crianza Rioja,3.8,1269,5.51,
Marqués de la Concordia,Rioja Santiago Segundo Año,3.8,208,5.55,
Bodegas Cosme Palacio,Milflores Rioja Tinto,3.2,279,5.55,
Freixenet,Mia Tinto,3.6,246,5.55,
Valderiz,Valdehermoso Joven,3.7,31,5.59,
Guelbenzu,Vierlas,3.7,41,5.6,
Bodegas Príncipe de Viana,Crianza,3.5,33,5.6,
Joan Sardà,Aladelta Tinto,3.7,90,5.65,
Murviedro,Audentia Petit Verdot,3.7,584,5.65,
El Coto,Crianza,3.7,1989,5.66,
Covitoro,Cermeño Tinta de Toro,3.3,884,5.67,
Bodega Sommos,Merlot - Cabernet Roble,3.7,152,5.7,
Bodega Sommos,Merlot - Cabernet Roble,3.7,935,5.7,
Bodega Pirineos,Montesierra Crianza,3.3,1220,5.7,
De Muller,Solimar Tinto,3.9,41,5.7,
Marqués de la Concordia,Crianza Rioja,3.8,540,5.75,
Oliveda,Origens,3.6,388,5.78,
Gran Feudo,Crianza,3.7,623,5.79,
La Cova Dels Vins,Deler Tinto,3.5,25,5.8,
Bodegas Arraez,Vivir Sin Dormir Tinto,3.7,45,5.8,
D. Mateos,Letargo Vendimia Seleccionada Tempranillo,3.7,598,5.8,
Abad,Abad Dom Bueno Mencia,3.6,2066,5.8,
Venta La Vega - Bodegas Almanseñas,Calizo de Adaras,3.1,185,5.8,
Atalaya,Laya,4.0,128,5.81,
Garriguella,Pessetero Tinto,3.4,70,5.82,
Ederra,Rioja Crianza,3.7,393,5.84,
Oliveda,Món Perdut Negre,3.3,229,5.84,
Enate,Cabernet Sauvignon - Merlot,3.6,15164,5.85,
Altavins,Almodí Petit Tinto,3.6,5432,5.85,
Honoro Vera,Rioja,3.5,838,5.85,
Lagar de Aso,Crianza,3.2,106,5.86,
Volver,Tarima Monastrell,3.8,1087,5.86,
Celler Batea,Primicia Criança,3.5,34,5.87,
Particular,Cariñena,3.7,152,5.9,
Bienbebido,Come Jamon y Bebe Vino,3.0,312,5.9,
Bienbebido,Come Queso y Bebe Vino,3.3,579,5.9,
Bienbebido,Come Pollo y Bebe Vino,2.9,108,5.9,
Laudum,Roble Monastrell - Syrah,3.8,64,5.9,
Bodegas Zinio,Lágrimas de María Crianza Tempranillo,3.7,2217,5.9,
Carlos Valero,Heredad X,3.6,231,5.9,
Borsao Bodegas,Bole,3.9,75,5.9,
Castillo Perelada,Empordà Jardins Negre,3.6,26,5.9,
Oriol Rossell,Xino-Xano Tinto,3.3,751,5.9,
Bodegas Fontana,Dominio de Fontana Garnacha - Syrah,3.6,57,5.9,
René Barbier,Abocado Semiseco,3.6,32,5.9,
Sierra Salinas,El Caire Monastrell,4.0,500,5.9,
Altos de Rioja,Altos R Tempranillo,3.9,54,5.9,
Falset Marçà,Falset Tinto,2.9,379,5.94,
Cellers Tarroné,La Pinxa del Barri Garnatxa Negra,3.5,50,5.95,
Barahonda,Carro,3.8,48,5.95,
Pata Negra,Toro Roble,3.3,1032,5.95,
Vinos López,El Ventilador Tinto,3.7,36,5.95,
Alceño,4 Meses Roble Monastrell,3.5,783,5.95,
Luzon,Colección Monastrell,3.7,44,5.95,
Abad,Abad Dom Bueno Mencia,3.6,2066,5.95,
Honoro Vera,Monastrell,3.9,268,5.95,
Garriguella,Puntils Rouge,3.4,335,5.98,
Montesoro,Mencia,3.2,78,5.99,
Cellers Tarroné,La Pinxa del Barri Garnatxa Negra,3.5,50,5.99,
Castillo de Monjardin,Vinedos del Villar Tempranillo,3.6,58,5.99,
Celler Masroig,Solà Fred,3.5,4296,5.99,
Ferré I Catasús,Compta Ovelles Negre,3.2,2626,5.99,
Campillo,El Niño de Campillo Rioja,3.5,3534,5.99,
Bodegas Cosme Palacio,Glorioso  Rioja Crianza,3.8,187,6.0,
El Circo,Forzudo Crianza,3.6,210,6.0,
Pago Casa del Blanco,d Mente,3.3,352,6.0,
Toresanas,Orot Roble,3.5,660,6.0,
Viña Paceta,Crianza,3.7,190,6.01,
Navajas,Rioja Crianza Tinto,3.9,278,6.01,
Cercavins,Lo Virol Tinto,3.2,635,6.04,
Bodega Pirineos,3404 Tinto,3.7,508,6.04,
Bodegas Paco Mulero,Prisma Garnacha,3.7,318,6.05,
Finca Antigua,Syrah,3.6,1073,6.05,
Finca Antigua,Petit Verdot,3.7,69,6.05,
Bodegas Ponce,Depaula Monastrell,3.6,1982,6.09,
Urbion,Cuvée Tinto,3.2,999,6.09,
Carlos Valero,Matarile,3.5,112,6.1,
Laus,Garnacha tinta,3.7,101,6.1,
Familia Torres,Mas Rabell,3.7,43,6.1,
Lo Cometa,Garnatxa Negra - Syrah,3.5,458,6.1,
Palacio de Sada,Garnacha 80 Aniversario,3.8,1160,6.1,
Volver,Wrongo Dongo Monastrell,3.7,120,6.1,
Ruda,Ensamblaje,3.2,26,6.1,
Campo Viejo,Crianza,3.7,1329,6.1,
Honoro Vera,Monastrell,3.9,46,6.15,
Monte Odina,Garnacha,3.5,53,6.15,
Honoro Vera,Garnacha,3.9,500,6.15,
Bodega Otto Bestué,Garnacha,3.6,509,6.15,
Neo,Disco,3.4,1376,6.17,
Federico Paternina,Rioja Reserva,3.8,507,6.17,
Volver,Paso a Paso Tempranillo,3.7,220,6.18,
Pacheco,Cuvée Elena,3.5,159,6.2,
Volver,Tarima Monastrell,3.8,28,6.2,
Luzon,Finca Luzon,3.3,4131,6.2,
D. Mateos,Letargo Crianza,3.5,100,6.2,
Señorío de Sarria,Crianza,3.7,76,6.2,
Domeco de Jarauta,Viña Marro Vendimia Seleccionada,3.6,461,6.2,
Pagos del Rey,Sentero Tinta de Toro Joven,3.7,45,6.2,
Terrer de La Creu,Negre,3.5,88,6.2,
Carviresa,3 Setmanes Negre,3.7,59,6.2,
Volver,Tarima Selección Monastrell - Syrah,3.9,31,6.21,
Bodegas Zinio,Zinio Crianza Tempranillo,3.9,114,6.21,
Hacienda López de Haro,Crianza,3.8,3588,6.23,
Sierra Salinas,MO Monastrell,3.4,5661,6.25,
Corcovo - Megía e Hijos,Tempranillo,3.6,715,6.25,
Homenaje,Torre del Homenaje Garnacha Roble,3.5,101,6.25,
El Coto,Crianza,3.7,4658,6.25,
Tridente,Gota de Arena,4.1,40,6.26,
Atalaya,El Vigía de la Atalaya Organico,4.1,313,6.26,
Can Blau,El Nen del Celler,3.6,73,6.26,
Juan Gil,Comoloco,3.7,78,6.26,
Juan Gil,Salto de Rana Ecológico,3.5,30,6.26,
Rosario Vera,Ai Ama Tempranillo,3.9,25,6.26,
Honoro Vera,Organic Monastrell,3.8,69,6.26,
Peique,Mencía,3.5,25,6.26,
De Muller,Solimar Tinto,3.7,113,6.27,
Bodegas Vallobera,Pago Malarina Rioja,3.6,520,6.29,
Bodegas Tintoralba,Altitud 1.100 Tinto,3.2,451,6.3,
Honoro Vera,Garnacha,4.2,68,6.3,
Bodegas Cosme Palacio,Milflores Rioja Tinto,3.2,3756,6.3,
Mas Foraster,Josep Foraster els Nanos Collita,3.2,1632,6.3,
Barahonda,Organic Monastrell - Merlot,3.9,59,6.3,
Viña Paceta,Crianza,3.5,307,6.33,
Arnegui,Tempranillo Rioja,3.4,2915,6.35,
Beronia,Rioja Crianza,3.8,2986,6.35,
Marqués de Riscal,Riscal Tempranillo,3.5,1982,6.35,
Bodegas Mano a Mano,Mano a Mano,3.8,37,6.38,
Vila Corona,Llabustes Ull de Llebre,3.5,64,6.4,
Marqués del Puerto,Crianza,3.6,122,6.4,
Marqués de Riscal,Riscal Tempranillo,3.7,106,6.4,
Viore,5 Meses en Barrica Tinto,3.6,759,6.4,
Segura Viudas,Garnatxa,3.2,96,6.4,
Lambuena,Lagunero,3.5,86,6.4,
Pagos de Aráiz,Crianza,4.0,70,6.4,
Mas Sersal,Masia Verda Negre,3.6,74,6.4,
Rupestre de Alpera,Roble Garnacha Tintorera,4.1,451,6.4,
Perica,Olagosa Crianza,3.8,48,6.41,
Portell - Vinícola de Sarral,Criança,3.2,272,6.41,
Carlos Serres,Rioja Tempranillo,3.7,225,6.43,
La Purisima,Old Hands Roble,3.7,666,6.43,
Terra de Pau,Negre,3.2,510,6.44,
Raimat,Clamor Tinto,3.4,333,6.45,
Bodegas Olarra,Reciente Tempranillo Rioja,3.4,1656,6.45,
La Maldita,Garnacha,3.5,35,6.45,
Bodegas Olarra,Reciente Tempranillo Rioja,3.4,60,6.45,
Muruve,Roble,3.5,530,6.45,
Finca La Solana,Organic Verdecillo,3.5,606,6.45,
Honoro Vera,Organic Monastrell,3.8,1263,6.45,
Volver,Wrongo Dongo Monastrell,3.8,216,6.45,
Celler Ronadelles - Cap de Ruc,Flor del Montsant Criança,3.4,763,6.47,
Rafael Cambra,Soplo,3.5,3315,6.48,
Tempore,Terrae Finca Vasallo Garnacha,3.5,318,6.5,
Volver,Paso a Paso Tempranillo - Graciano,3.8,388,6.5,
Arloren,Vegacanada N Joven,3.5,236,6.5,
Coviñas,Veterum Bobal de Viñas Viejas,3.7,109,6.5,
Familia Torres,Coronas Crianza,3.7,133,6.5,
Arloren,Vegacanada N Joven,3.5,236,6.5,
Vall de Baldomar,Petit Baldomà Tinto,3.4,649,6.5,
Celler de Capçanes,Mas Donís Barrica Old Vines Montsant,3.6,4004,6.5,
Bodegas San Antonio Abad,24Q Roble,3.6,107,6.5,
Hacienda López de Haro,Crianza,3.7,99,6.5,
Bodegas Valdemar,Conde de Valdemar Tempranillo,3.7,48,6.5,
Federico Paternina,Banda Oro Crianza,3.5,1534,6.5,
Mirador de Castilla,Selección,3.8,59,6.5,
Bodegas Zinio,Terroir de Zinio Garnacha,3.6,995,6.5,
Bodegas Javier San Pedro Ortega,Cueva de Lobos Crianza,3.8,83,6.5,
Juan Manuel Burgos,Avan Oak Roble,3.6,59,6.5,
Alcorta,Crianza Tempranillo,3.2,5028,6.51,
Castaño,Monastrell,3.3,1596,6.52,
Celler Cooperatiu d'Espolla,Vinya Orlina Tinto,3.0,289,6.55,
Paramo Arroyo,Eremus Tempranillo Joven,3.5,349,6.55,
Vinicola de Castilla,Señorío de Guadianeja Syrah,3.6,86,6.55,
Rigau Ros,Criança,3.6,45,6.55,
Duc de Foix,Merlot,2.8,110,6.55,
Celler Cooperatiu d'Espolla,Babalà - Vi Negre Eixerit,3.2,193,6.56,
Bodegas Javier San Pedro Ortega,Cueva de Lobos Crianza,3.7,1527,6.6,
Martí Serdà,Vinyet Tinto,3.4,462,6.6,
Sumarroca,Nostrat Noir de Noirs,3.5,144,6.6,
Sierra Salinas,MO Monastrell,3.7,145,6.6,
Cellers Tarroné,Merian Negre,3.4,218,6.6,
Neo,El Arte de Vivir,3.4,1145,6.61,
Monteabellon,A Cappela Joven,3.5,236,6.62,
Pinord,Càtar Montsant,3.5,134,6.62,
Viniric,Vella Lola Negre,3.8,40,6.62,
Murviedro,Galeam Monastrell,3.7,468,6.63,
Señorío de Nava,Ribera del Duero Roble,3.6,33,6.63,
Juan Gil,Jumilla Yellow Label,3.9,401,6.63,
Bodegas Franco-Españolas,Rioja Bordón Crianza,3.8,593,6.64,
Zuazo Gaston,Crianza,3.7,45,6.65,
Bodegas Lagunilla,Crianza,3.5,118,6.65,
Caves Bolet,Cantarelus,3.3,161,6.65,
Finca Antigua,Tempranillo,3.6,830,6.65,
Sant Josep,Plana d’En Fonoll Syrah,3.4,141,6.65,
Vizar,Tempranillo,3.6,1630,6.65,
Laus,Crianza,3.7,25,6.65,
Particular,Garnacha Old Vine,3.7,2167,6.65,
Atalaya,Laya,3.9,771,6.65,
Finca Antigua,Garnacha,3.6,407,6.65,
Corcovo - Megía e Hijos,Syrah,3.7,29,6.66,
Hacienda López de Haro,Tempranillo,3.7,25,6.69,
Juan Gil,Jumilla Yellow Label,3.9,82,6.7,
Viore,Garnacha Tinta,3.4,93,6.7,
Bodega Iniesta,Corazón Loco Tinto,3.4,3004,6.73,
Oliver Conti,Indispensable Negre,3.5,1323,6.75,
Viña Zorzal,Garnacha,3.8,26,6.75,
Bodegas Olarra,Añares Crianza Rioja,3.8,68,6.75,
Félix Solís,Mucho Más Tinto - Black Edition,4.1,5662,6.75,
Ceremonia,Reserva de Autor (20th Anniversary Edition),3.6,281,6.75,
Rosa Maria Torres,El Xafarder Tinto,3.4,139,6.79,
Ladrón de Lunas,Crianza Bobal,3.4,30,6.8,
Monólogo,Crianza,3.6,372,6.8,
Castro Ventosa,El Castro de Valtuille Mencía Joven,3.8,150,6.8,
Luzon,Colección Monastrell,3.8,154,6.8,
Bodegas Olarra,Añares Crianza Rioja,3.6,519,6.8,
Vega Real,Ribera del Duero Roble,3.3,3832,6.8,
Conde de Siruela,Tinto Joven,3.4,321,6.8,
Campo Viejo,Crianza,3.6,543,6.8,
Pinord,Taanug Crianza Cabernet Sauvignon - Merlot,3.4,197,6.82,
Cune (CVNE),Crianza,3.7,3925,6.84,
Pinord,Clos de Torribas Crianza Tempranillo,3.6,307,6.84,
Viore,Mencia,3.5,451,6.85,
Familia Montaña,Finca La Valentina Montaña Crianza,3.9,2138,6.85,
Celler de Sanui,El Petit de Sanui Negre,3.5,28,6.85,
Marques de Vitoria,Rioja Crianza,3.9,1355,6.85,
Volver,Madame Bobalu Bobal,3.7,1313,6.85,
Arnegui,Crianza Rioja,3.8,218,6.85,
Cavas Hill,Gran Civet Crianza,3.2,231,6.87,
Celler Cooperatiu d'Espolla,Panissars  Negre,3.2,355,6.87,
Finca Nueva,Rioja,3.9,68,6.87,
Celler Piñol,Raig de Raïm Negre,3.7,82,6.88,
Castillo de Aresan,Syrah,3.5,103,6.88,
El Miracle,120 Anniversary Tinto,3.3,2106,6.89,
Bodegas Fontana,Oveja Tinta Graciano - Malbec,3.7,107,6.9,
Martin Berasategui,Los Cuatro Vientos,3.8,36,6.9,
Volver,4 Meses Red,3.7,475,6.9,
Bodegas Fontana,Dominio de Fontana Crianza Tempranillo - Cabernet Sauvignon,3.9,29,6.9,
Bodegas Latúe,Clearly Organic Tempranillo,3.4,39,6.9,
Bodega Pirineos,Señorío de Lazán Crianza,3.8,96,6.9,
Bodegas Faustino,Crianza,3.7,129,6.9,
Hacienda Zorita Natural Reserve,Crianza,3.6,100,6.9,
Pata Negra,Crianza Tempranillo,3.7,834,6.9,
Bodegas Asenjo & Manso,AM3 Ribera del Duero,3.7,1029,6.9,
Volver,Paso a Paso Tempranillo,3.6,4853,6.9,
La Casa de Lúculo,Cátulo Tempranillo,3.4,202,6.9,
Fuentespina,3 Meses,3.5,180,6.9,
Volver,Tarima Organic,3.7,6786,6.9,
Alcorta,Roble,3.6,43,6.9,
Lagravera,Laltre,3.7,165,6.9,
Volver,Paso a Paso Tempranillo - Graciano,3.8,388,6.9,
Pittacum,Petit Pittacum,3.6,6335,6.9,
Volver,Paso a Paso Tempranillo,3.7,107,6.9,
Bodega Pirineos,Principio Moristel,3.8,817,6.9,
Pago Aylés,Unexpected Garnacha,4.0,137,6.9,
Pío del Ramo,Tinto Roble,3.7,361,6.91,
Linea Kármán,Tinto,3.7,786,6.91,
Terra Terrae,Negre,3.4,111,6.92,
Bodegas Lagunilla,Crianza,3.7,61,6.95,
Castillo de Osés,La Choza Crianza,3.5,353,6.95,
Bodegas Orán,Flor del Señorío de Õran,3.7,558,6.95,
Bodegas Cosme Palacio,Glorioso  Rioja Crianza,3.6,16896,6.95,
Cuatro Pasos,Pizarras de Otero Mencia,3.6,41,6.95,
Sinforiano,Sinfo Viñas Viejas Tinto Roble,3.5,366,6.95,
Codorníu,Impulso Crianza,3.5,55,6.95,
Venta La Vega - Bodegas Almanseñas,Kalizo Sin Sulfitos,3.3,42,6.95,
Raimat,Abadia Cabernet Sauvignon - Tempranillo,3.6,279,6.95,
Bodegas Val de Horna,El Chiquer Garnacha Old Vines,3.7,233,6.95,
Familia Torres,22 Pies Rioja Crianza,3.7,2367,6.95,
Aroa,Jauna Crianza,3.8,317,6.95,
Izadi,Crianza,3.9,1714,6.95,
Bodegas Frontonio,Botijo Rojo Garnacha Tinta,3.7,582,6.96,
Sierra Cantabria,Murmurón,3.5,58,6.97,
Finca Sobreno,Roble 4 Meses de Barrica,3.5,450,6.99,
Raiza,Crianza,3.5,2050,6.99,
Marqués de Griñon,Selección Especial Crianza,3.7,2020,6.99,
Vinos Sanz,La Capital Roble,3.5,317,6.99,
Vina Herminia,Rioja Crianza,4.0,67,6.99,
Félix Solís,Mucho Mas Gold,4.0,1834,6.99,
Castillo de Monjardin,Coupage Selección Crianza,3.5,286,7.0,
Pago Finca Élez,Flor de Sabina,3.8,81,7.0,
Castaño,Monastrell Viñas Viejas,3.1,3369,7.0,
Alcorta,Crianza Tempranillo,3.2,5028,7.0,
Bodegas Arraez,Mala Vida,3.7,7071,7.0,
Castaño,Monastrell Viñas Viejas,3.1,3369,7.0,
Vegalfaro,Rebel.lia Tinto,3.7,77,7.0,
Castillo de Enériz,Crianza,3.6,54,7.0,
Francisco Casas,Camparrón Selección,3.6,197,7.0,
Emilio Clemente,Crianza,3.5,178,7.0,
Sierra Cantabria,Murmurón,3.4,26,7.01,
Vina Herminia,Rioja Crianza,3.6,136,7.01,
Celler de Capçanes,Mas Donis Negre,3.5,2068,7.02,
Obalo,San Roque,3.8,90,7.03,
Honoro Vera,Garnacha,3.8,839,7.04,
Celler de Capçanes,Mas Donis Negre,3.8,47,7.05,
Campo Viejo,Ecológico,3.8,69,7.05,
Tianna Negre,Mas de Canet Tinto,3.3,289,7.05,
Obalo,San Roque,3.7,340,7.05,
Cal Cabo,Un Onzé Negre,3.4,85,7.05,
Yllera,12 Meses en Barrica Tempranillo,3.7,39,7.05,
Celler de Capçanes,Mas Donis Negre,3.8,99,7.05,
Coma d'En Bonet,Dardell Tinto,3.5,664,7.05,
Finca Antigua,Petit Verdot,3.9,71,7.05,
Finca Constancia,Parcela 12 Graciano,3.8,37,7.05,
R. Raventós,L'Ànec Mut Negre,3.6,283,7.07,
Pere Guardiola,Floresta Criança,3.5,376,7.08,
Volver,Paso a Paso Tempranillo,3.8,37,7.08,
Corcovo - Megía e Hijos,Tempranillo Roble,4.0,226,7.08,
Bodegas Valdemar,Finca del Marquesado Crianza,3.9,65,7.1,
Guelbenzu,Azul,3.8,54,7.1,
Guelbenzu,Azul,3.8,77,7.1,
Luis Cañas,Maceración Carbónica,3.6,80,7.1,
Leyenda del Páramo,El Rescatado Tinto,3.0,39,7.1,
Pittacum,Petit Pittacum,3.6,452,7.1,
Gran Feudo,Reserva,3.6,238,7.11,
La Casa de Lúculo,Cátulo Tinto Garnacha,3.5,100,7.12,
Ojos del Guadiana,Selección,3.2,153,7.13,
Ederra,Rioja Crianza,3.6,329,7.13,
Covitoro,Gran Cermeño Crianza,3.7,48,7.13,
Martin Berdugo,Joven,3.5,1641,7.13,
Bodegas Vilano,Roble,4.0,219,7.15,
Ederra,Rioja Crianza,3.4,9100,7.15,
Antonio Montero,Mencia,3.7,99,7.19,
Azul y Garanza,Abril,3.5,780,7.19,
Martinez Corta,Finca Iriarte Tempranillo,3.8,562,7.19,
Pittacum,Petit Pittacum,3.8,121,7.2,
Bodegas Lleiroso,Luz Millar Roble,3.8,231,7.2,
Campo Viejo,Crianza Vendimia Seleccionada,3.6,345,7.2,
Marques de Mundaiz,Rioja Crianza,3.5,1543,7.2,
Hacienda Albae,Cabernet Sauvignon,3.7,45,7.2,
Domeco de Jarauta,Lar de Sotomayor Crianza,3.4,39,7.2,
Finca Antigua,Crianza,3.7,28,7.2,
Bodegas Vilano,Roble,3.9,36,7.2,
Bodegas de Occidente,Ommo Fandango,3.6,93,7.2,
Avancia,Alma Mia Tempranillo,3.2,913,7.2,
Gran Feudo,Casilla del Guapo Tinto,3.6,81,7.2,
Campo Viejo,Crianza Vendimia Seleccionada,3.6,4750,7.2,
Azabache,Reserva Tempranillo - Graciano,3.8,37,7.2,
Aldeya,Reserva Tinto,3.7,142,7.2,
Josep Vicens,Vinyes del Grau Negre,3.5,200,7.22,
Volver,Paso a Paso Organic Red,3.6,951,7.25,
Yaso,Toro,3.8,87,7.25,
Garriguella,Puntils Criança,3.5,475,7.25,
Pacheco,Syrah,3.7,148,7.25,
Pradorey,Origen,3.8,96,7.25,
Arnegui,Crianza Rioja,3.7,438,7.25,
Finca Antigua,Cabernet Sauvignon,3.4,667,7.25,
Gran Cerdo,Tempranillo,3.7,6470,7.25,
Telmo Rodriguez,Al-Muvedre Tinto Monastrell,3.8,164,7.25,
Vinos Divertidos,Cojón de Gato Tinto,3.3,2407,7.25,
Bodegas Asenjo & Manso,AM3 Ribera del Duero,3.7,1029,7.26,
Jaro,Jaros Roble,3.9,34,7.27,
Viña Guria,Crianza,3.6,287,7.29,
Hoya de Los Lobos,Crianza,3.4,34,7.3,
Bodegas Reyes,Tamiz Roble,3.4,1449,7.3,
Domènech.Vidal,Freyé Syrah - Tempranillo,3.6,707,7.3,
Bodegas Marqués de Cáceres,Rioja Bio Organic,3.4,1673,7.3,
Cune (CVNE),Crianza,3.7,5330,7.3,
Altanza,Edulis de Altanza Rioja Crianza,3.8,292,7.3,
Maria Pages,Mar de Lluna,3.6,99,7.32,
Portia,Roble,3.8,416,7.32,
Mas Llunes,Maragda Rouge,3.4,725,7.32,
Arché Pagès,Sàtirs Negre,3.7,80,7.32,
Celler Mas Pòlit,Terra Indika,3.7,171,7.34,
Celler Gerisena,Tramuntan Art Negre,3.5,409,7.34,
Altos Ibéricos,Crianza,3.9,302,7.34,
Cid Bermúdez,Altrejo Roble,3.4,305,7.35,
De Moya,Justina,3.9,1647,7.35,
Vina Herminia,Rioja Excelsus,3.8,55,7.35,
Celler Masroig,Les Sorts Jove,3.7,44,7.35,
Finca La Estacada,6 Meses en Barrica,3.4,931,7.35,
Clos Galena,Secrets de Mar Rouge,3.8,56,7.35,
Ca N'Estella,Clot Dels Oms Tinto,3.5,155,7.35,
Borsao Bodegas,Crianza (Selección Crianza),4.0,172,7.37,
Empordàlia,Sinols Criança,3.9,168,7.38,
Bodegas Marqués de Cáceres,Crianza,3.8,4218,7.38,
Vinisimo,Carantoña,3.7,38,7.4,
Vila Corona,Tu Rai,3.4,205,7.4,
Bodegas de Occidente,Valdebebas Vendimia Seleccionada,3.7,123,7.4,
Creencia,Con Juventud Monastrell,3.8,950,7.4,
Enate,Cabernet Sauvignon - Merlot,3.8,139,7.4,
El Coto,Coto Mayor Crianza,3.8,347,7.41,
Martin Berdugo,Barrica,3.9,452,7.41,
Montecillo,Rioja Crianza,3.8,908,7.41,
Corcovo - Megía e Hijos,Crianza,3.6,27,7.42,
Señorio de Villarrica,Crianza,3.9,366,7.43,
Bobal de San Juan,Bobal Old Vines (Viñas Viejas),3.5,10556,7.44,
Albet i Noya,Petit Albet Penedès Rouge,3.3,1425,7.44,
Oliver Viticultors,10.000 Hores Negre Selecció,3.6,362,7.45,
Fuentespina,3 Meses,3.5,2215,7.45,
Eccocivi,Montrodó Negre,3.5,99,7.45,
Marqués del Puerto,Crianza,3.6,26,7.45,
Tridente,Entresuelos Tempranillo,3.8,467,7.45,
Tagonius,Tinto Roble,3.6,1562,7.45,
Bodegas Ponce,Depaula Monastrell,3.7,88,7.45,
Singulares,Jardín Rojo Tempranillo Rioja,3.4,27,7.45,
Viña Bujanda,Organic Tinto,3.6,25,7.45,
Murviedro,Galeam Crianza,3.6,26,7.45,
Montecillo,Rioja Crianza,3.8,125,7.45,
Bodegas Zinio,Terroir de Zinio Tempranillo - Graciano,3.9,132,7.45,
Castaño,Hécula Monastrell,3.5,584,7.47,
Viña Mayor,Ribera del Duero Tinto Roble,3.6,18086,7.49,
El Miracle,El Miracle By Mariscal Old Vine Garnacha Tintorera,3.5,10340,7.49,
Martinez Corta,Crianza,3.8,225,7.5,
Mi Tractor Azul,Garnacha Tintorera,3.7,85,7.5,
Ostatu,Rioja Tinto,3.6,34,7.5,
Evodia,Old Vines Garnacha,3.6,691,7.5,
Marco Real,Coleccion Privada Crianza Garnacha,3.9,34,7.5,
Telmo Rodriguez,Al-Muvedre Tinto Monastrell,3.6,4295,7.5,
Bodegas Valdelana,Vi-Ve La Llave de Los Sueños Rioja,3.7,448,7.5,
Bodegas Valdelana,Vi-Ve La Llave de Los Sueños Rioja,3.7,86,7.5,
Bodegas Faustino,Tinto,3.5,105,7.5,
Bodega Otto Bestué,Finca Rableros,3.9,45,7.5,
Marqués de Riscal,Arienzo Rioja Crianza,3.8,2622,7.5,
Volver,Tarima Selección Monastrell - Syrah,4.0,328,7.5,
Botas de Barro,Old Vine Monastrell,4.0,232,7.5,
Viña Bujanda,Rioja Crianza,3.7,151,7.5,
Bodegas Vilano,Full Flap Red Blend,4.0,656,7.5,
Félix Solís,Casa Albali Gran Reserva de Familia,3.3,158,7.5,
Botas de Barro,Tinta de Toro,3.9,403,7.5,
Arloren,Spirit of the Monastrell,3.5,94,7.5,
Castaño,Hécula Monastrell,3.5,286,7.5,
Conde de Siruela,Roble,3.6,1642,7.5,
Paco Garcia,Seis,3.6,321,7.5,
Muriel,Fincas de la Villa Rioja Crianza,3.8,835,7.5,
Cuatro Pasos,Tinto,3.6,33,7.5,
Mi Tractor Azul,Tinta de Toro,3.4,118,7.5,
Puente de Rus,Tempranillo Crianza,3.7,83,7.51,
Bodegas Paco Mulero,Prisma Garnacha Tintorera - Monastrell,3.7,251,7.51,
Hacienda Albae,Merlot,3.6,126,7.51,
La Candelaria,Senda Tempranillo,3.6,1930,7.51,
Hacienda Albae,Syrah,3.5,561,7.51,
Carlos Serres,Rioja Crianza,3.8,281,7.52,
Hacienda López de Haro,Crianza,3.7,945,7.53,
Hacienda Albae,Syrah,3.5,561,7.55,
Hacienda Albae,Merlot,3.6,126,7.55,
Marco Real,Organic,3.7,70,7.55,
Familia Torres,Coronas Tempranillo,3.5,309,7.55,
Finca Antigua,Crianza,3.5,2149,7.55,
Castillo Perelada,3 Finques (Fincas),3.6,144,7.55,
Hacienda Albae,Cabernet Sauvignon,3.6,247,7.55,
Hacienda Albae,Malbec,3.5,651,7.55,
Ondarre,VII Parcelas Crianza Tinto,3.8,101,7.55,
Hacienda Albae,Tempranillo,3.0,622,7.55,
Artuke,Artuke Rioja,3.9,308,7.55,
Enate,Cabernet Sauvignon - Merlot,3.8,1035,7.56,
Canopy,Castillo de Belarfonso Mentrida,3.7,182,7.57,
Barahonda,Barrica Tinto (Monastrell - Syrah),3.7,21694,7.57,
Tilenus,Vendimia Bierzo,3.5,797,7.57,
Bodegas Care,Tinto Roble Garnacha - Syrah,3.6,6065,7.57,
Dominio Dostares,Estay Prieto Picudo,3.6,1491,7.57,
Bodegas Tintoralba,Crianza Tinto,3.3,198,7.57,
Terra de Pau,Negre,3.5,69,7.6,
Lan,Crianza Rioja,3.9,812,7.6,
Cellers Grifoll Declara,El Gos Rouge,3.3,556,7.6,
Valdeorite,Lar de Barros Crianza,4.0,47,7.6,
Idrias,Crianza,3.2,69,7.6,
Bodegas Ponce,La Xara Garnacha,3.6,1031,7.62,
Martí Fabra,L'Oratori Empordà,3.6,2160,7.62,
Canopy,Castillo de Belarfonso Mentrida,3.6,57,7.63,
Bodegas Diaz Bayo,8 Meses Barrica,3.6,47,7.64,
Bodegas Diaz Bayo,8 Meses Barrica,3.8,3105,7.64,
Condado de Oriza,Roble Ribera del Duero,3.7,148,7.65,
Cuatro Pasos,Pizarras de Otero Mencia,3.5,3578,7.65,
Altanza,Edulis de Altanza Rioja Crianza,3.8,107,7.65,
Clos Pons,Jan Petit,3.5,1358,7.65,
Tarón,Crianza,3.8,30,7.65,
Castillo de Monjardin,Old Vines (La Cantera) Garnacha,3.5,95,7.7,
Vinessens - Casa Balaguer,Tragolargo Monastrell,3.5,1752,7.7,
Bodegas la Eralta,Hacienda El Olmo Reserva,3.9,65,7.7,
Paco & Lola,Paco Garnacha - Tempranillo,3.6,2508,7.7,
Viña Zorzal,Graciano,3.6,284,7.7,
Abad,Dom Bueno Mencia Laderas del Norte,3.8,1536,7.7,
Nauta,Crianza,3.5,1357,7.7,
Altos de Rioja,Altos R Crianza,3.7,88,7.7,
Dominio de Bornos,Roble,3.6,88,7.71,
Museum,Vinea Tempranillo Crianza,3.7,88,7.71,
Habla,La Tierra,3.7,126,7.73,
Viñas del Vero,Tempranillo - Cabernet Sauvignon Crianza,3.3,464,7.74,
Hacienda Albae,Tempranillo,3.0,622,7.74,
Neo,Disco,3.4,1376,7.74,
Habla,La Tierra,3.7,262,7.75,
Camino Alto,Roble Tempranillo,3.4,83,7.75,
Beso de Rechenna,Bobal Crianza,3.6,2007,7.75,
Gran Recosind,Criança,3.6,1156,7.76,
El Escocés Volante,La Multa Old Vine Garnacha,3.7,53,7.76,
Cherubino Valsangiacomo,Bobal de Sanjuan,3.6,788,7.8,
Luis Cañas,Tinto,3.4,3828,7.8,
Bodegas Fin de Siglo,XIII Lunas (Crianza) Rioja,3.5,2353,7.8,
Celler 9+,Blau Marí,3.6,47,7.8,
Bodega Pirineos,Señorío de Lazán Crianza,3.5,2286,7.8,
Terra i Vins,La Negra Flor,3.6,326,7.8,
Bodegas Peñafiel,Mironia Cosecha,3.6,30,7.8,
Marques de Burgos,Roble Vendimia Seleccionada,3.7,43,7.8,
Luzon,Colección Roble,3.8,535,7.8,
Juan Gil,Jumilla Yellow Label,3.9,1002,7.8,
Luzon,Jumilla Roble,3.4,865,7.81,
Analec,La Creu VI Negre,3.7,166,7.83,
Puente de Rus,Colmillo de Lobo,3.6,161,7.84,
U MES U,Anais Tinto,3.7,233,7.85,
Finca Antigua,Crianza,3.6,458,7.85,
Cooperatiu Gandesa,Somdinou Red Blend,3.4,56,7.85,
Alvear,Palacio Quemado Crianza,3.9,105,7.85,
Winery Arts,Squared Three (Tres al Cuadrado),3.8,30,7.85,
Finca La Estacada,Ocho y Medio Tinto Velasco,3.6,43,7.88,
Neo,El Arte de Vivir,3.4,1145,7.89,
Aroa,Le Naturel Red,3.7,36,7.89,
Viña Salceda,Rioja Crianza,3.9,480,7.89,
Edra,Grullas de paso,3.6,828,7.9,
Rendé Masdéu,Inquiet,3.1,124,7.9,
Berceo,Crianza,3.7,44,7.9,
Berceo,Crianza,3.7,44,7.9,
Viña Salceda,Rioja Crianza,3.9,1541,7.9,
Bodegas Marqués de Cáceres,Crianza,3.8,1995,7.9,
Enate,Cabernet Sauvignon - Merlot,3.8,733,7.9,
Castaño,Hécula Monastrell,3.4,30,7.9,
Castillo Perelada,3 Finques (Fincas),3.5,8609,7.9,
Coma d'En Bonet,Prohom Negre,3.5,311,7.9,
Volver,La Quinta de Rafa,3.8,623,7.9,
Requiem Hispania,Re Minor,3.7,437,7.9,
Aibar,Xyz Tridimensional,3.5,545,7.9,
Bodegas Javier San Pedro Ortega,Otra Historia...,3.8,121,7.9,
Medrano Irazu,Tinto Joven,3.0,238,7.9,
Vinessens - Casa Balaguer,La Casica del Abuelo,3.3,71,7.9,
Pago Casa Gran,Falcata Tinto,4.0,2244,7.9,
Pago Aylés,Immortalis Monastrell Old Vines,3.7,298,7.9,
Altovela,Campo Amable Crianza,4.0,152,7.92,
Vinyes dels Aspres,Oriol dels Aspres Negre,3.7,100,7.93,
Dominio de Atauta,Viridiana Ribera del Duero Roble,3.8,103,7.93,
Bodega La Carbonera,Malpastor Crianza,3.8,329,7.94,
Pago de Almaraes,Chicote,3.6,159,7.95,
Aroa,Jauna Crianza,3.7,41,7.95,
Viña Albina,Reserva,3.7,388,7.95,
Bodegas Care,Crianza Tempranillo - Merlot,3.9,60,7.95,
Oliveda,La Bēstia Negra,3.8,1064,7.95,
Mucy,Paño de Lágrimas Tinto Roble,3.7,50,7.95,
Bodegas Lagunilla,Reserva,3.9,523,7.95,
Mucy,Paño de Lágrimas Tinto Roble,3.7,50,7.95,
Viña Mayor,Ribera del Duero Tinto Roble,3.7,126,7.95,
Legaris,Ribera del Duero Roble,3.6,62,7.95,
Bodegas Olarra,Cerro Añon Crianza Rioja,3.9,129,7.95,
Beloki,Crianza,3.7,40,7.95,
Rippa Dorii,Roble Tempranillo,3.9,394,7.95,
Verum,Roble Tinto,3.6,425,7.95,
Arroyo,Roble Tinto,3.4,68,7.95,
César Principe,13 Cántaros Nicolás,3.7,1603,7.95,
Bodegas Tintoralba,Piedras Coloradas Garnacha - Tintorera,4.0,41,7.95,
Dehesa El Carrascal,Mar García,4.0,140,7.95,
Tilenus,Vendimia Bierzo,3.5,797,7.95,
Jiménez Vila Hnos,La Novicia,3.6,184,7.95,
Viña Real,Rioja Crianza,3.7,632,7.95,
Bodegas Care,Cariñena Nativa Viñas Viejas,4.0,733,7.95,
El Gato Gordo,Mencía,3.7,35,7.95,
Cinco Leguas,La Maldición Tinto Fino,3.7,105,7.95,
Bodegas Fontana,Dominio de Fontana Crianza Tempranillo - Cabernet Sauvignon,3.8,313,7.95,
De Moya,Gloria,3.9,65,7.95,
Pradorey,Origen,3.7,310,7.96,
Terrai,OVG Old Vine Garnacha,3.8,152,7.96,
Dolmo,Tempranillo Roble,3.6,286,7.99,
Aroa,Jauna Crianza,3.7,59,7.99,
Aroa,Jauna Crianza,3.7,535,7.99,
Pagos del Rey,Canta Mañanas Tempranillo,3.8,64,7.99,
El Miracle,Art,3.7,2329,7.99,
Señorío de Sarria,Viñedo Uno,3.8,66,7.99,
Familia Torres,22 Pies Rioja Crianza,3.7,78,7.99,
Valcarlos,Fortius Reserva,3.8,1337,7.99,
Marqués de la Concordia,Crianza Rioja,3.5,49,7.99,
Celler Xavier Clua,Mas d'en Pol Red,3.7,25,8.0,
Celistia,Tempranillo - Syrah,3.9,432,8.0,
Fabregas,Mingua Garnacha - Cabernet,3.1,58,8.0,
Siglo,Rioja Crianza,3.7,106,8.0,
Massaluca,Garnatxa Negra - Samsó,4.0,186,8.0,
Dominio de Tares,Baltos Mencía,3.8,33,8.05,
Aroa,Mutiko,3.8,32,8.05,
Bodegas Lleiroso,Luz Millar Roble,3.7,206,8.05,
Marqués de la Concordia,Crianza Rioja,3.7,118,8.05,
Espelt,Sauló,3.5,25,8.06,
Palacios Remondo,Rioja La Vendimia,3.8,47,8.07,
Cueva del Chamán,Roble Garnacha Tintorera,3.8,418,8.08,
Tras lá Yesca,Tinto,3.7,28,8.09,
Viladellops,Garnatxa,3.5,1677,8.09,
Rosario Vera,Amona Tempranillo,3.5,27,8.1,
Hnos. del Villar,Gaudeamus,3.6,46,8.1,
Martinez Corta,Crianza,3.8,709,8.1,
Marqués de Tosos,Reserva,3.6,96,8.1,
Viñedos y Bodegas Muñoz,Finca Muñoz Colección de la Familia,3.9,149,8.1,
Bodegas Latúe,Pingorote Crianza Tempranillo,3.6,217,8.15,
Bodegas Aragonesas,Coto de Hayas Garnacha Centenaria,4.0,120,8.15,
Vinos Sanz,La Capital Roble,3.5,317,8.15,
Carles Andreu,12 @ Trepat,3.6,370,8.15,
Rejadorada,Tinto Roble,3.8,34,8.15,
VI Cool Be Cool,El Timonet,3.7,36,8.15,
Legaris,Ribera del Duero Roble,3.7,481,8.15,
Matsu,El Picaro,3.8,449,8.17,
Pinord,Clos de Torribas Penedès Reserva Tempranillo,3.7,32,8.17,
Federico Paternina,Rioja Reserva,3.6,26,8.2,
Alcorta,Audaz Crianza,3.6,65,8.2,
Sospechoso,Tinto,3.6,38,8.2,
Yllera,12 Meses en Barrica Tempranillo,3.6,7873,8.2,
Bodegas Vallobera,Crianza Rioja,3.8,315,8.2,
Bodegas Ochoa,8A Crianza,3.8,63,8.2,
Pascona,Lo Petitó de Pascona,3.5,1429,8.2,
Adhuc Tempus,Roble,3.7,482,8.2,
Marqués de Riscal,Arienzo Rioja Crianza,3.8,505,8.2,
Falset Marçà,Ètim El Viatge,3.6,46,8.2,
Costers del Sió,Petit Siós Tinto,3.6,2422,8.2,
Marques de Vitoria,Rioja Crianza,3.9,861,8.2,
Raimat,Abadía Crianza,3.4,212,8.22,
Abadal,Franc,3.7,172,8.24,
Ca N'Estruc,Negre,3.7,47,8.25,
Cuatro Pasos,Tinto,3.7,174,8.25,
Losada,El Pajaro Rojo Mencia,4.1,37,8.25,
Volver,4 Meses Red,3.8,31,8.25,
Altos Ibéricos,Crianza,3.8,3133,8.25,
Castillo Perelada,Empordà Cigonyes Negre,3.7,25,8.25,
Jordi Oliver Conti,Petardo,3.6,211,8.26,
Terra i Vins,Clos del Gos,3.6,1488,8.26,
Peique,Ramón Valle Mencia Crianza,3.6,27,8.27,
Cop de Vent,Negre Jove,3.4,1221,8.29,
Celler Gerisena,Ergo Negre,3.4,120,8.29,
Ampans,d'Urpina 3 Nits,3.5,452,8.29,
Can Axartell,Velomar Tinto,3.5,71,8.3,
Bodegas Valparaíso,Roble,3.7,69,8.3,
Altovela,Campo Amable Crianza,4.0,152,8.3,
Leyenda del Páramo,El Aprendiz Tinto,3.6,44,8.3,
Celler Batea,Sense Red,3.8,102,8.3,
Dehesa La Granja,Tinto,4.0,910,8.3,
I Tant,Garnatxa Negra,3.6,2480,8.3,
Can Ràfols dels Caus,Petit Caus Negre,3.2,435,8.3,
Vinos Divertidos,Camino a Pardos Garnacha Viñas Viejas 40 Old Vines,4.0,252,8.3,
Azpilicueta,Crianza,3.8,322,8.3,
Volver,Pincel Monastrell,4.0,58,8.33,
Tilenus,Envejecido en Roble Bierzo Mencia,3.6,837,8.33,
Palomo Cazador,Roble,3.5,711,8.34,
Viñas del Vero,Tempranillo - Cabernet Sauvignon Crianza,3.4,4298,8.35,
Espelt,Sauló,3.5,108,8.35,
Domènech.Vidal,Freyé Syrah - Tempranillo,3.6,88,8.35,
Zuazo Gaston,Crianza,3.7,197,8.35,
Pago de Larrea,Cæcus Crianza,3.6,626,8.35,
Matarromera,Granza Eco Roble Toro,3.7,239,8.35,
Bodegas Mano a Mano,Venta La Ossa Joven,3.7,28,8.35,
Vinos Valtuille,Pago de Valdoneje,3.9,32,8.35,
Bodega Pirineos,Principio Moristel,3.9,212,8.35,
Celler de Capçanes,Mas Picosa Flor En Flor Montsant,3.8,62,8.35,
Can Blau,Blau,3.8,10646,8.35,
Singulares,El Veïnat Garnatxa Montsant,3.8,96,8.35,
Familia Torres,Natureo Syrah,2.5,773,8.35,
Pago de Cirsus,Vendimia Seleccionada,4.0,107,8.36,
Toresanas,Orot Crianza,3.8,125,8.4,
Barcolobo,La Rinconada,3.7,1030,8.4,
VI Cool Be Cool,Petit,3.7,80,8.4,
Wineissocial,Rebeldes,3.7,201,8.4,
Portia,Roble,3.8,142,8.4,
Bodegas Diaz Bayo,Nuestro 8 Meses,3.8,29,8.4,
Celler Masroig,Finca Cucó Jove,3.4,1004,8.4,
La Vinyeta,Heus Negre,3.5,54,8.4,
Castillo de Monjardin,Coupage Selección Crianza,3.5,1635,8.42,
Bodega Sommos,Glárima Varietales Tinto,3.7,2675,8.45,
Valderiz,Sitio de Valdehermoso,3.9,86,8.45,
Torre de Barreda,Tempranillo,3.6,681,8.45,
Paco Garcia,Seis,3.5,2549,8.45,
Marqués de Valdueza,Valdueza,3.8,53,8.45,
Pata Negra,Rioja Reserva,3.8,84,8.45,
Bodega Sommos,Varietales Tinto,3.8,54,8.45,
Raimat,Pirinenca Tempranillo,3.6,102,8.45,
Matsu,El Picaro,3.9,1580,8.45,
Ojos del Guadiana,Crianza,3.5,232,8.46,
De Muller,Merlot,3.6,204,8.46,
De Muller,Syrah,3.7,36,8.46,
Heraclio Alfaro,Crianza,3.8,95,8.47,
Virgen de la Asuncion,Cuando El Río Suena,3.5,138,8.47,
Altos Ibéricos,Crianza,3.9,1576,8.48,
Bodegas Javier San Pedro Ortega,Viuda Negra Crianza,3.9,111,8.49,
Oliveda,Finca Els 3 Frares Vinyes Velles,3.4,325,8.49,
Bodega Bideona,Laderas Tempranillo,3.9,314,8.49,
Abadia de Poblet,Monestir de Poblet Intramurs Tinto,3.7,100,8.49,
Oliveda,Ulls Negres,3.6,862,8.49,
Castillo Perelada,Només Garnatxa Negra,3.6,81,8.49,
Condado de Oriza,Roble Ribera del Duero,3.8,44,8.5,
Francisco Gomez,Fruto Noble Crianza,3.7,28,8.5,
Bodegas Javier San Pedro Ortega,Viuda Negra Crianza,3.8,1858,8.5,
Ostatu,Rioja Crianza,3.9,223,8.5,
Familia Montaña,Finca La Valentina Montaña Crianza,3.7,63,8.5,
Pagos del Rey,El Pillo Viñas Rebeldes,3.9,32,8.5,
Chozas Carrascal,Las 2 Ces Tinto,3.7,104,8.5,
Barbadillo,Quãdis Crianza Cadiz,3.8,29,8.5,
Tilenus,Envejecido en Roble Bierzo Mencia,3.6,837,8.5,
El Ilusionista,Joven,3.6,400,8.5,
Beronia,Rioja Crianza,3.7,107,8.5,
Familia Torres,Vinyarets,3.7,866,8.51,
Martin Berdugo,Barrica,3.8,38,8.52,
Lacrimus,Crianza,3.9,31,8.52,
Finca La Estacada,Uclés Syrah - Merlot,3.7,2047,8.54,
Viñedos Hermanos Hernáiz,El Pedal Edición Limitada Maturana,3.7,32,8.55,
Tampesta,Prieto Picudo Roble,3.6,355,8.55,
Dominio Dostares,Estay Prieto Picudo,3.5,218,8.55,
Viña Zorzal,Graciano,3.6,4029,8.55,
Bodegas Zinio,Terroir de Zinio Vendimia Seleccionada Tempranillo,3.8,172,8.55,
Solar Viejo,Crianza,3.7,97,8.55,
Vall de Baldomar,Baldomà Selecció,3.5,732,8.55,
Mas Foraster,Josep Foraster Lamoto,3.8,255,8.55,
Pago Aylés,Unexpected Garnacha,4.0,444,8.58,
Nubori,Crianza,3.6,121,8.6,
Terra Linda,Syrah,4.1,158,8.6,
Finca Valpiedra,Rioja Cantos de Valpiedra,3.8,321,8.6,
Celler Masroig,Pinyeres Vi Negre,3.7,103,8.6,
Bodegas Yuntero,Ortiga Tempranillo,3.2,108,8.6,
Altos de Rioja,Altos R Crianza,3.7,150,8.65,
Marco Abella,Olbieta Negre,3.7,134,8.65,
Matallonga,Vi del Banya,3.7,220,8.65,
Pago Aylés,Cuesta del Herrero,4.0,105,8.65,
Bodega Garcia Serrano,Sendero del Pino Tinto,3.7,77,8.65,
Bodega Pirineos,3404 Tuca d'Aneto Crianza,3.9,260,8.65,
Viña Real,Rioja Crianza,3.7,69,8.65,
Espelt,ViDiví,3.7,44,8.66,
Raimat,Anima de Raimat Tinto,3.7,57,8.69,
Santiago Jordi,Ser O No Ser Toro,3.7,37,8.7,
Celler Ronadelles - Cap de Ruc,Cuvée Premium,3.5,64,8.7,
Dominio de Bornos,Roble,3.5,1113,8.7,
Abadia de Poblet,Monestir de Poblet Intramurs Tinto,3.7,434,8.7,
Bodegas Faustino,Art Collection Crianza,3.7,40,8.7,
Lan,Crianza Rioja,3.8,101,8.7,
Morca,Flor de Morca,4.2,133,8.7,
Lagar de Moha,Antigona Tempranillo Ecológico,3.8,85,8.7,
Ramón Bilbao,Crianza Rioja,3.9,563,8.7,
Valdesil,Valderroa Mencia,3.8,77,8.7,
Dominio de Tares,El Paisano de Tares,3.7,339,8.7,
Campillo,Crianza Rioja,3.9,1056,8.7,
Dehesa de los Llanos,Mazacruz Tinto,3.5,41,8.7,
Monóvar,Tempus Regit Monastrell,3.4,72,8.71,
Casa Castillo,Monastrell,3.8,179,8.72,
Neo,Obra Roble,3.2,479,8.73,
Arzuaga,La Planta,3.9,52,8.73,
Murviedro,Colección Reserva Bobal,3.8,43,8.74,
Bodega Cerrón,El Tiempo Que Nos Une Monastrell,3.7,1240,8.74,
Bodegas Valdelana,Familia Valdelana Crianza,3.9,65,8.75,
Can Blau,Blau,3.7,826,8.75,
Beronia,Rioja Crianza,3.8,917,8.75,
Proyecto Garnachas de España,La Garnacha Salvaje del Moncayo,3.7,106,8.75,
Mas Vicenç,Nit de Lluna,3.7,785,8.75,
Bodega y Viñedos Maires,Ademán Carabizal,3.8,660,8.75,
Paco Garcia,Seis,3.5,2549,8.75,
Raimat,Anima de Raimat Tinto,3.7,4338,8.75,
Bodegas Virgen de Galir,Maruxa Mencia,3.5,422,8.75,
Aroa,Le Naturel Zero Zero Tinto,3.1,45,8.75,
Barbadillo,Quãdis Joven Cadiz,3.9,176,8.75,
Singulares,Corral del Obispo Mencía Bierzo,3.6,79,8.75,
Proyecto Garnachas de España,La Garnacha Salvaje del Moncayo,3.8,911,8.75,
Tridente,Entresuelos Tempranillo,3.7,4810,8.75,
Can Blau,Blau Verd,3.9,44,8.75,
Familia Gil,La Bien Plantá,4.3,54,8.75,
Pinord,Vaquos Roble,3.4,930,8.76,
De Muller,Cabernet Sauvignon,3.6,618,8.8,
Celler Frisach,L'Abrunet Negre,3.6,1857,8.8,
Aroa,Le Naturel Zero Zero Tinto,3.1,45,8.8,
Izadi,Larrosa Negra,3.8,235,8.8,
Matsu,El Picaro,3.9,3811,8.8,
Herència Altés,La Cirereta,4.0,649,8.8,
Celler Ronadelles - Cap de Ruc,Tinto,3.3,2417,8.8,
Vivanco,Crianza Rioja,3.8,66,8.8,
Pago del Cielo,Celeste Roble,3.8,328,8.8,
Dehesa de Luna,Orígenes,3.8,1765,8.8,
Ferré I Catasús,Cap de Trons,3.1,801,8.81,
Viña Pomal,Crianza,3.8,1400,8.85,
El Vinyer,Turritela Negre,3.7,225,8.85,
Ramón Bilbao,Crianza Rioja,4.0,12005,8.85,
Jordi Miró,Ennak,3.8,325,8.85,
Familia Torres,Natureo De-Alcoholised Red,2.7,237,8.85,
Portia,Roble,3.8,941,8.85,
La Vinyeta,Heusss,3.6,424,8.86,
Antigua Usanza,Bau Crianza,3.6,303,8.87,
Bodegas Valdemar,Conde de Valdemar Crianza,3.8,164,8.88,
Espelt,Malcuat,3.2,176,8.88,
Bodegas Lleiroso,Luz Millar Roble,3.7,3062,8.89,
Bodega Cerrón,Remordimiento Tinto,3.7,26,8.89,
Luis Alegre,Rioja Crianza,3.7,3404,8.89,
Izadi,Larrosa Negra,3.7,79,8.9,
El Escocés Volante,The Cup & Rings Mencia,3.3,64,8.9,
Castell del Remei,Sícoris Tinto,3.5,520,8.9,
Cercavins,Bru de Verdú,3.7,1445,8.9,
Lan,Crianza Rioja,3.8,2864,8.9,
Raimat,Abadia Cabernet Sauvignon - Tempranillo,3.6,40,8.9,
Murviedro,Sericis Cepas Viejas Monastrell,4.2,190,8.9,
Finca Nueva,Crianza,3.8,195,8.9,
Celler del Roure,Vermell,3.7,104,8.9,
Real Divisa,Marqués de Legarda Crianza,3.7,1149,8.9,
Casa Castillo,Monastrell,3.9,364,8.9,
Selección Lucendo,Corambres MC,4.1,135,8.9,
Dehesa del Carrizal,MV,3.8,113,8.9,
Casa Mariol,Reserva Syrah,3.6,718,8.9,
Singulares,Entrelobos Tinto Fino Ribera del Duero,3.4,44,8.9,
Casa Gran del Siurana,Gr 65-5 Travessa del Montsant,3.9,64,8.9,
Bodegas Vetoné,Tinto,3.1,71,8.9,
Bodega Sommos,Crianza,3.9,49,8.9,
Can Ràfols dels Caus,Petit Caus Negre,3.2,435,8.9,
Enate,Tempranillo - Syrah,3.9,57,8.9,
Baluarte,Roble,3.4,466,8.9,
Medrano Irazu,Crianza,3.5,140,8.91,
Comunica,Vi Del Mas,3.8,120,8.92,
Altos de Rioja,Altos R Crianza,3.8,292,8.93,
Bodegas Aradon,Crianza,4.0,61,8.94,
Ramón Bilbao,Crianza Rioja,4.0,2800,8.94,
Bodegas Roura,Tres Ceps Crianza,3.3,106,8.95,
Alacer,Roble,3.8,78,8.95,
Laus,Reserva,3.6,921,8.95,
Marco Real,Pequeñas Producciones Syrah,3.8,514,8.95,
Sonsierra,Crianza,3.5,1660,8.95,
Encomienda de Cervera,Vulcanus Alpha,3.8,707,8.95,
Alvear,Palacio Quemado Vendimia Seleccionada,3.5,494,8.95,
Clos Montblanc,Únic Trepat,3.7,181,8.95,
Bodegas Valdelana,Familia Valdelana Crianza,3.9,60,8.95,
Mas Comtal,Negre d'Anyada,3.5,347,8.95,
Viniric,Vella Lola Negre,3.8,100,8.95,
Viña Zorzal,Crianza,3.8,26,8.95,
La Vinyeta,Heus Negre,3.4,1600,8.95,
Viña Zorzal,Garnacha,3.7,1494,8.95,
Lar de Paula,Crianza,3.7,1248,8.95,
Gran Feudo,Reserva,3.5,65,8.95,
Bodegas Ayuso,Estola Gran Reserva,3.8,249,8.95,
Menudo,Vino de Autor,4.1,308,8.95,
Bodegas Val de Horna,La Loma Garnacha Old Vines,3.8,139,8.95,
Tilenus,Ecológico Bierzo,3.5,53,8.95,
Citizen Wine,Roca Elefante Heavy-Weight Tempranillo,4.0,47,8.95,
Coelus,Crianza Tempranillo,3.7,541,8.95,
Mas Comtal,Negre d'Anyada,3.5,347,8.95,
Pagos del Rey,Sentero Roble,3.5,1631,8.95,
Mas Foraster,Josep Foraster Les Gallinetes,3.5,55,8.95,
Vega Real,Ribera del Duero Roble,3.7,90,8.95,
Monteabellon,A Cappela Roble,3.5,1670,8.95,
Espelt,Sol i Vent,3.5,1144,8.95,
Cinco Leguas,La Maldición,3.7,266,8.95,
Valderiz,Sitio de Valdehermoso,3.8,442,8.95,
Aroa,Le Naturel Red,3.8,306,8.95,
Bodega Elias Mora,Toro,3.9,38,8.95,
César Principe,13 Cántaros Nicolás,3.7,1603,8.95,
Venta La Vega - Bodegas Almanseñas,Ternario 1,3.6,25,8.95,
8.0.1,Edición Limitada,3.8,1367,8.95,
Canals Canals,Onna Negre Ecològic,3.9,73,8.95,
Arzuaga,La Planta,3.9,1040,8.95,
Bodegas Valdelana,AGNVS Tempranillo,4.0,1860,8.95,
Bodegas Piqueras,El Abuelo de Piqueras Reserva,4.0,305,8.95,
Citizen Wine,Levántalos,4.1,174,8.95,
Albet i Noya,Curiós Tempranillo Ull de Llebre Penedès,3.5,1772,8.95,
Emilio Moro,Finca Resalso,4.0,1097,8.95,
Finca Sobreno,Crianza,3.8,189,8.97,
Torre de Oña,Finca San Martín Crianza,3.9,448,8.98,
Pagos del Rey,409 Tinto,3.9,3485,8.99,
Rigau Ros,Gran Reserva,3.6,635,8.99,
Nebla,Tempranillo Roble,3.5,2334,8.99,
Bodegas Príncipe de Viana,Reserva Navarra,3.7,860,8.99,
Miquel Pons,77 Veremes Negre,3.7,306,8.99,
Callejo,Flores de Callejo,3.8,284,8.99,
Generación 1,Grandes Añadas,3.8,620,8.99,
Tarón,Reserva,3.9,29,9.0,
D. Mateos,Tío Martín Crianza,3.9,56,9.0,
Valbusenda,Abios Tinta de Toro,3.7,256,9.0,
El Lagar de Isilla,Joven,3.2,247,9.0,
Bodegas Cefrian,Mala Ostia,3.5,30,9.0,
Muruve,Crianza,3.7,1045,9.0,
Valdubon,Ribera del Duero Roble,3.5,8707,9.0,
Covitoro,Cañus Verus Viñas Viejas,3.9,91,9.0,
Martinez Corta,Crianza,3.8,77,9.0,
Pagos del Moncayo,Prados Fusión Garnacha - Syrah,3.8,150,9.0,
FC Barcelona,Crianza Tempranillo,3.4,135,9.0,
Bodegas Peñafiel,Alma Serena Barrica,4.0,293,9.0,
Sant Josep,Llàgrimes de Tardor Criança,3.8,259,9.01,
Puente de Rus,Paso de Buey,3.4,126,9.03,
Dominio de Atauta,Viridiana Ribera del Duero Roble,3.7,255,9.03,
Celler Masroig,Finca Cucó Selecció,3.5,37,9.05,
Win,Tempranillo De-alcoholised,2.6,254,9.05,
Pinna Fidelis,Ribera del Duero Roble,3.9,77,9.05,
Celler Masroig,Finca Cucó Selecció,3.4,869,9.05,
Huerta de Albala,Barbazul Tinto,3.8,568,9.07,
Urbion,Crianza,3.7,30,9.07,
Bodegas la Eralta,Señorío de la Eralta Gran Reserva Tinto,3.9,91,9.08,
Bodega Juan Carlos Sancha,Ad Libitum Maturana Tinta,3.9,37,9.08,
Viñas del Vero,Tempranillo - Cabernet Sauvignon Crianza,3.8,65,9.08,
Bodegas Vilano,Roble,3.8,81,9.08,
Hidalgo Albert,L' Ocell Rouge,3.9,36,9.1,
Abadia de Poblet,Monestir de Poblet Intramurs Tinto,3.8,190,9.1,
Paramo Arroyo,Ser Vivo Y Natural,3.7,384,9.1,
Trus,Roble,3.9,39,9.1,
Celler de Capçanes,Mas Collet Barrica,3.6,964,9.1,
Mengoba,Brezo Mencía,3.7,125,9.1,
Bodegas Sembro,Vendimia Seleccionada Tempranillo,3.8,122,9.1,
Finca La Estacada,Reserva Varietales,3.6,32,9.1,
Paramo Arroyo,Ser Vivo Y Natural,3.7,384,9.1,
Proelio,Crianza,3.9,70,9.1,
Telmo Rodriguez,Dehesa Gago G,3.8,120,9.12,
Celler Vidbertus,Cup3 Trepat,3.5,398,9.14,
Celler de Capçanes,Mas Collet Selecció,3.9,109,9.14,
Mas Llunes,Cercivm,3.7,2230,9.14,
Jané Ventura,Negre Selecció,3.7,707,9.14,
Celler Vidbertus,Cup3 Trepat,3.5,398,9.14,
Enate,Tempranillo - Cabernet Sauvignon Crianza,4.0,520,9.14,
Ramón Roqueta,Massaluca,3.8,738,9.14,
Bodegas Bastida,Bomba Selección Especial Tempranillo,4.0,38,9.15,
Solaguen,Crianza,3.6,57,9.15,
Tamaral,Tempranillo Roble,3.8,95,9.15,
Dehesa del Carrizal,MV,3.9,96,9.15,
Corcovo - Megía e Hijos,Reserva,3.9,489,9.17,
Raimat,Pirinenca Tempranillo,3.5,115,9.18,
Paramo Arroyo,Eremus Ecológico Roble Tempranillo,3.5,94,9.2,
Tridente,Mencia,3.5,80,9.2,
Pradorey,Sr. Niño,3.6,426,9.2,
Ruiz Torres,Attelea Crianza,3.4,302,9.2,
Protos,Roble,3.9,1767,9.2,
Avgvstvs,Primer Negre,3.8,42,9.2,
Martúe,20 Aniversario,3.9,201,9.2,
Estévez Bodegas y Viñedos,Versos de Valtuille Mencía,3.8,34,9.2,
Atlantic Galician Wineries - AGW,Massimo Rosso,3.6,736,9.2,
Bodegas Vallobera,Crianza Rioja,3.7,531,9.2,
Marqués de Carrión,Rioja Crianza,3.7,56,9.2,
Vivanco,Crianza Rioja,3.8,741,9.2,
Rovellats,Bru de Tardor,3.4,299,9.2,
Castell del Remei,Gotim Bru,3.9,340,9.2,
Atlantic Galician Wineries - AGW,Massimo Rosso,3.6,736,9.2,
Bodegas Vilano,Black Edition,4.0,112,9.2,
Teso La Monja,Románico,3.9,30,9.22,
Bicicletas y Peces,Tempranillo,3.8,314,9.24,
Mas Oller,Blau,3.5,194,9.24,
Rigau Ros,Reserva,4.0,63,9.24,
Las Calzadas,Tinácula,3.6,110,9.24,
Bicicletas & Demonios,Tinto,3.6,889,9.24,
Rodríguez de Vera,Jumenta,3.7,590,9.24,
Comenge,Biberius,3.8,49,9.24,
Pla de Morei,Filigrana Tinto,3.7,99,9.25,
Diez Caballero,Tempranillo Crianza,3.6,101,9.25,
Luberri,Biga de Luberri Crianza,3.8,53,9.25,
Clos Montblanc,Únic Syrah,3.9,34,9.25,
Matarromera,Melior Ribera del Duero,3.8,136,9.25,
Bodegas Valdemar,Conde de Valdemar Crianza,3.9,295,9.25,
Matarromera,Melior Ribera del Duero,3.6,26,9.25,
Casa Castillo,Monastrell,3.9,472,9.25,
Soto y Manrique,La Viña de Ayer Cebreros,3.7,61,9.25,
Tarsus,Ribera del Duero Roble,3.5,152,9.27,
Huguet de Can Feixes,Negre Selecció,3.7,49,9.28,
Fariña,Gran Colegiata Lagrima,3.7,1944,9.29,
Amor Vins,Amor de Vida Negre,3.6,37,9.3,
Murviedro,Audentia Reserva,3.7,348,9.3,
Solar Viejo,Orube Crianza,3.9,246,9.3,
Viñedos del Jorco,Las Cabañuelas Cebreros,3.8,196,9.3,
Monte Real,Reserva,3.9,544,9.3,
Dominio de Tares,Baltos Mencía,3.7,4460,9.3,
Barahonda,Crianza,3.9,1457,9.3,
Terrer de Pallars,El Presumit del Pallars Syrah - Cabernet Sauvignon,3.8,117,9.31,
Parés Baltà,Mas Petit,3.6,104,9.34,
Ferratus,Ferratus AØ,3.7,37,9.35,
Lagar d'Amprius,Nazarín,3.6,87,9.35,
Bodegas Quinta de Aves,Syrah,3.8,58,9.35,
Viñedos del Jorco,Las Cabañuelas Cebreros,3.6,150,9.36,
Viña Pomal,Crianza,3.9,129,9.37,
Bodega Tesalia,Iceni,3.8,960,9.39,
Celler Masroig,Pinyeres Vi Negre,3.8,1040,9.4,
Bodega Luzdivina Amigo,Viñademoya Centenaria Mencía Crianza,3.8,33,9.4,
Convento Oreja,Roble,3.7,3784,9.4,
Valtravieso,Finca Santa Maria Roble,3.7,3880,9.4,
Bo,Bobal Único,3.6,33,9.4,
Bodega Emina,Pasión,3.4,1600,9.4,
Cercavins,Bru de Verdú,3.9,26,9.4,
Serra i Barceló,Aucalà Tinto,3.7,1171,9.4,
Señorío de Sarria,Reserva,4.1,231,9.4,
Vega Moragona,Ventica Bobal,3.9,53,9.4,
Traslascuestas,Roble,3.7,48,9.4,
Castaño,Vertis,3.6,247,9.4,
Convento Oreja,Roble,3.7,3784,9.4,
Ojos del Guadiana,Reserva,3.4,267,9.41,
Paco & Lola,Mencia,3.5,509,9.41,
Bodegas Aradon,Calzadas de Aradon,4.0,504,9.44,
Eccocivi,Montrodó Negre,3.8,53,9.44,
Divina Proporción,Toro 24 Mozas,3.8,140,9.44,
Pinord,Diorama Syrah,3.6,559,9.45,
Sinforiano,Raimun Doce Meses Barrica,3.8,185,9.45,
Raimat,Anima de Raimat Tinto,3.7,4338,9.45,
Enate,Tempranillo - Cabernet Sauvignon Crianza,3.9,32,9.45,
Vetus,Flor de Vetus,3.9,138,9.45,
Jorge Piernas,El Banquete de Platón Monastrell,3.7,47,9.45,
Baron de Ley,Martín Zurbano Crianza,3.8,310,9.45,
La Comarcal,Delmoro,3.8,1345,9.45,
Tarsus,Ribera del Duero Roble,3.7,192,9.45,
Carchelo,Carchelo (C),3.6,3797,9.45,
Vetus,Flor de Vetus,4.0,705,9.45,
Paco & Lola,Mencia,3.5,509,9.46,
Martinez Lacuesta,Rioja Crianza,3.9,642,9.46,
Sospechoso,Tinto,3.4,1653,9.47,
Málaga Virgen,Pernales Syrah,3.8,123,9.47,
Martin Berdugo,Barrica,3.7,2461,9.48,
Barahonda,Crianza,4.1,90,9.48,
Convento San Francisco,Ribera del Duero Roble,4.0,62,9.48,
El Coto,Coto de Imaz Rioja Reserva,3.9,4777,9.48,
Cruz de Alba,Roble,3.6,46,9.49,
Bodegas Care,Crianza Tempranillo - Merlot,3.8,4057,9.49,
Finca de la Rica,El Buscador,3.6,1833,9.5,
Divina Proporción,Loquillo Tinto Barrica,3.9,62,9.5,
Can Majoral,Butibalausí Negre,3.7,757,9.5,
Castillo de Monjardin,Pinot Noir Old Vines,3.9,100,9.5,
Convento San Francisco,Roble del Convento,3.9,226,9.5,
Tomàs Cusiné,Drac Màgic Negre,3.6,971,9.5,
Celler Masroig,Finca Cucó Selecció,3.4,869,9.5,
Monteabellon,Ribera del Duero 5 Meses en Barrica,3.8,85,9.5,
Bodegas Frontonio,Botijo Rojo Garnacha Tinta,3.7,51,9.5,
Castillo Perelada,Només Garnatxa Negra,3.9,43,9.5,
Consejo de la Alta,Rialta Reserva,3.9,53,9.5,
Gran Feudo,Viñas Viejas Reserva,3.7,333,9.5,
Las Moradas de San Martín,Senda,3.8,121,9.5,
Península Vinicultores,Cadalso Sierra de Gredos,3.7,33,9.5,
Pago del Cielo,Celeste Roble,3.8,1125,9.5,
Bodegas Valdemar,Conde de Valdemar Crianza,3.6,6640,9.5,
Dehesa La Granja,Tinto,4.0,65,9.5,
Finca Valpiedra,Rioja Cantos de Valpiedra,3.7,60,9.5,
Parató,Finca Renardes,3.6,606,9.5,
Estones,Petites Tinto,3.8,144,9.5,
Bodegas Olarra,Altos de Valdoso Tinta del Pais Roble,3.7,38,9.5,
Round Table,Tinto,3.7,146,9.5,
Viñas del Vero,Colección Pago Los Canteras Syrah Somontano,3.7,40,9.5,
Raimat,Boira Garnatxa Negra Organic,3.6,85,9.5,
Pazos del Rey,Pazo de Monterrey Mencìa,3.6,378,9.5,
Península Vinicultores,Cebreros Vino de Montaña,3.5,488,9.5,
Protos,Roble,3.8,60456,9.5,
La Cova Dels Vins,Ombra,3.8,454,9.5,
Gómez Cruzado,Crianza,4.0,53,9.5,
Hammeken Cellars,Abrigo Garnacha Tintorera,4.1,37,9.5,
Enrique Mendoza,Merlot - Monastrell,3.7,70,9.52,
Enrique Mendoza,Pinot Noir Alicante,3.8,166,9.52,
Enrique Mendoza,Pinot Noir Alicante,3.8,37,9.54,
Maetierra Dominum,Gavanza Tinto,3.7,397,9.54,
Enrique Mendoza,Merlot - Monastrell,3.7,73,9.54,
Espelt,ViDiví,3.5,1117,9.55,
Montebaco,Semele,3.8,100,9.55,
Boada,Pepe Yllera,3.7,3966,9.55,
Bodegas Abadía de San Quirce,6 Meses En Barrica,3.8,44,9.58,
Furot,Furot Monestir,3.7,760,9.58,
Lavia,Ecológico Monastrell - Syrah,3.6,1628,9.6,
Viñas del Vero,La Miranda de Secastilla Somontano,3.6,1604,9.6,
Balmoral,Maravides Mediterráneo Tempranillo,3.4,64,9.6,
Abadal,Franc,3.6,3863,9.6,
Las Moradas de San Martín,Senda,3.8,29,9.6,
Miquel Pons,77 Veremes Negre,3.7,306,9.6,
Baltasar Gracián,El Héroe Garnacha Viñas Viejas,3.7,4688,9.6,
Pago Los Balancines,Gold Crianza,3.6,221,9.62,
Neo,Sentido,3.6,1998,9.65,
La Mejorada,Villalar,3.6,542,9.65,
Bernavi,Tres de Tres,3.6,136,9.66,
Vinos al Margen,Viña Padre,3.6,106,9.7,
Marqués de la Concordia,Rioja Santiago Reserva Cuarto Año,4.1,812,9.7,
Cyan,Tinta de Toro,3.7,33,9.7,
Alta Alella,GX,3.7,239,9.7,
Cellers Unió,Perlat Tinto,3.5,1779,9.7,
L'Olivera,Tossudes,3.6,418,9.7,
Arloren,Paca,3.5,154,9.7,
Oller del Mas,Petit Bernat,3.7,2685,9.7,
Marques de Mundaiz,Rioja Reserva,3.9,33,9.72,
Clos Montblanc,Xipella Tinto,3.8,465,9.72,
Tayaimgut,Frsssc Tinto,3.7,55,9.72,
Neo,Obra Crianza,3.3,50,9.73,
Viña Pomal,Centenario Crianza,3.8,84,9.73,
Tomàs Cusiné,Llebre,3.8,164,9.74,
Bodegas Faustino,V Reserva,3.9,1774,9.74,
Bodegas Aragonesas,Coto de Hayas Viñas del Cierzo,3.7,65,9.75,
Diez Caballero,Tempranillo Crianza,3.7,1632,9.75,
Fuentespina,Crianza,3.7,57,9.75,
